"cProd";"produto";"ncm";"itens";"valor_total";"natureza_sugerida";"confianca";"motivo";"natureza_final"
"13770001";"BUFFET CAFE DA MANHA";"21069090";"367";"15084,58";"preparado_no_local";"alta";"o nome indica preparo e serviço no estabelecimento (art. 273, caput e § 1º)";"preparado_no_local"
"10172";"BUFFET ALMOÇO DE  SEG A SEX";"21069090";"317";"11873,40";"preparado_no_local";"alta";"o nome indica preparo e serviço no estabelecimento (art. 273, caput e § 1º)";"preparado_no_local"
"13780001";"BUFFET ALMOÇO";"21069090";"157";"7542,50";"preparado_no_local";"alta";"o nome indica preparo e serviço no estabelecimento (art. 273, caput e § 1º)";"preparado_no_local"
"10282";"BUFFET DE SOPAS E CALDOS LIVRE";"21069090";"136";"7046,19";"preparado_no_local";"alta";"o nome indica preparo e serviço no estabelecimento (art. 273, caput e § 1º)";"preparado_no_local"
"30100003";"CAFE PASSADO MEDIO";"21011200";"343";"4847,69";"preparado_no_local";"alta";"o nome indica preparo e serviço no estabelecimento (art. 273, caput e § 1º)";"preparado_no_local"
"33460003";"CAFE EXPRESSO C/ LEITE M";"21011200";"234";"4405,40";"preparado_no_local";"alta";"o nome indica preparo e serviço no estabelecimento (art. 273, caput e § 1º)";"preparado_no_local"
"233";"CAFE PASSADO C/ LEITE M";"21011200";"293";"4364,75";"preparado_no_local";"alta";"o nome indica preparo e serviço no estabelecimento (art. 273, caput e § 1º)";"preparado_no_local"
"36690003";"BUFFET CAFE DA MANHA SEG A SEX";"21069090";"134";"4114,27";"preparado_no_local";"alta";"o nome indica preparo e serviço no estabelecimento (art. 273, caput e § 1º)";"preparado_no_local"
"30280003";"CAPPUCCINO ITALIANO MEDIO";"21011200";"120";"3039,84";"preparado_no_local";"alta";"o nome indica preparo e serviço no estabelecimento (art. 273, caput e § 1º)";"preparado_no_local"
"11350001";"FATIA TORTA";"19059090";"99";"2909,20";"mercadoria";"media";"produto de padaria/confeitaria; confirmar se é venda do produto ou alimentação servida no local";""
"498";"SUCO NATURAL LARANJA";"20091900";"139";"2825,60";"preparado_no_local";"alta";"o nome indica preparo e serviço no estabelecimento (art. 273, caput e § 1º)";"preparado_no_local"
"30080003";"CAFE EXPRESSO MEDIO";"21011200";"176";"2785,72";"preparado_no_local";"alta";"o nome indica preparo e serviço no estabelecimento (art. 273, caput e § 1º)";"preparado_no_local"
"698";"BRUSQUETA ESPECIAL KG";"19059090";"94";"2553,41";"preparado_no_local";"alta";"o nome indica preparo e serviço no estabelecimento (art. 273, caput e § 1º)";"preparado_no_local"
"30240003";"CHOCOLATE QUENTE MÉDIO";"18069000";"105";"2439,84";"preparado_no_local";"alta";"o nome indica preparo e serviço no estabelecimento (art. 273, caput e § 1º)";"preparado_no_local"
"8";"AGUA MINERAL SEM GAS 510 ML";"22011000";"240";"2282,60";"mercadoria";"alta";"água mineral: revenda sem preparo (art. 273, § 2º, II)";"mercadoria"
"30070003";"CAFE EXPRESSO PEQUENO";"21011200";"140";"2194,23";"preparado_no_local";"alta";"o nome indica preparo e serviço no estabelecimento (art. 273, caput e § 1º)";"preparado_no_local"
"79";"CAPPUCCINO TRADICIONAL M";"21011200";"93";"2146,79";"preparado_no_local";"alta";"o nome indica preparo e serviço no estabelecimento (art. 273, caput e § 1º)";"preparado_no_local"
"20800003";"CHEESECAKE";"19059090";"63";"1985,20";"mercadoria";"media";"produto de padaria/confeitaria; confirmar se é venda do produto ou alimentação servida no local";""
"152";"PAO DE QUEIJO GRANDE";"19059090";"113";"1811,99";"mercadoria";"media";"produto de padaria/confeitaria; confirmar se é venda do produto ou alimentação servida no local";""
"26120003";"ENTREMET PERSONAGEM";"19059090";"42";"1692,00";"mercadoria";"media";"produto de padaria/confeitaria; confirmar se é venda do produto ou alimentação servida no local";""
"1";"AGUA MINERAL COM GAS 510 ML";"22011000";"166";"1662,13";"mercadoria";"alta";"água mineral: revenda sem preparo (art. 273, § 2º, II)";"mercadoria"
"30020003";"CROQUE MONSIEUR";"19059090";"43";"1609,76";"preparado_no_local";"alta";"o nome indica preparo e serviço no estabelecimento (art. 273, caput e § 1º)";"preparado_no_local"
"30260003";"CAPPUCCINO GOURMET";"21011200";"63";"1439,86";"preparado_no_local";"alta";"o nome indica preparo e serviço no estabelecimento (art. 273, caput e § 1º)";"preparado_no_local"
"31080003";"MISTO QUENTE FRANCÊS";"19059090";"48";"1276,00";"preparado_no_local";"alta";"o nome indica preparo e serviço no estabelecimento (art. 273, caput e § 1º)";"preparado_no_local"
"107";"CROISSANT FOLHADO";"19059090";"54";"1176,82";"mercadoria";"media";"produto de padaria/confeitaria; confirmar se é venda do produto ou alimentação servida no local";""
"10283";"SOPAS E CALDOS PARA LEVAR";"21069090";"42";"1147,00";"preparado_no_local";"alta";"o nome indica preparo e serviço no estabelecimento (art. 273, caput e § 1º)";"preparado_no_local"
"32870003";"MINI MACARON POTE";"19059090";"29";"1120,00";"mercadoria";"media";"produto de padaria/confeitaria; confirmar se é venda do produto ou alimentação servida no local";""
"246";"PASTEL DE BELEM";"19059090";"54";"1103,81";"mercadoria";"media";"produto de padaria/confeitaria; confirmar se é venda do produto ou alimentação servida no local";""
"20210003";"TORTA MORANGO E NATA";"19059090";"35";"1004,95";"mercadoria";"media";"produto de padaria/confeitaria; confirmar se é venda do produto ou alimentação servida no local";""
"30830003";"OMELETE JURERE";"21069090";"15";"1003,00";"preparado_no_local";"alta";"o nome indica preparo e serviço no estabelecimento (art. 273, caput e § 1º)";"preparado_no_local"
"31430003";"HAMBURGUER JURERE BACON";"21069090";"15";"990,00";"preparado_no_local";"alta";"o nome indica preparo e serviço no estabelecimento (art. 273, caput e § 1º)";"preparado_no_local"
"240";"TORTELETES";"19059090";"38";"967,85";"mercadoria";"media";"produto de padaria/confeitaria; confirmar se é venda do produto ou alimentação servida no local";""
"76";"PAO FRANCES  KG";"19059090";"159";"935,31";"mercadoria";"media";"produto de padaria/confeitaria; confirmar se é venda do produto ou alimentação servida no local";""
"501";"SUCO DETOX";"21069090";"42";"919,77";"preparado_no_local";"alta";"o nome indica preparo e serviço no estabelecimento (art. 273, caput e § 1º)";"preparado_no_local"
"151";"PAO DE QUEIJO PEQUENO";"19059090";"119";"818,96";"mercadoria";"media";"produto de padaria/confeitaria; confirmar se é venda do produto ou alimentação servida no local";""
"12760003";"COXINHA FRA/REQ";"19022000";"41";"810,00";"mercadoria";"media";"produto de padaria/confeitaria; confirmar se é venda do produto ou alimentação servida no local";""
"34350003";"CROQUE MADAME";"19059090";"13";"799,81";"preparado_no_local";"alta";"o nome indica preparo e serviço no estabelecimento (art. 273, caput e § 1º)";"preparado_no_local"
"11760001";"MINI PASTEL CARNE";"19022000";"61";"785,81";"mercadoria";"media";"produto de padaria/confeitaria; confirmar se é venda do produto ou alimentação servida no local";""
"10180003";"PASTEL DE CARNE";"19022000";"41";"772,87";"mercadoria";"media";"produto de padaria/confeitaria; confirmar se é venda do produto ou alimentação servida no local";""
"9";"COCA LATA ZERO 350 ML";"22021000";"60";"761,48";"mercadoria";"alta";"refrigerante/energético com volume no nome: revenda sem preparo (art. 273, § 2º, II)";"mercadoria"
"31440003";"CIABATTA DE COSTELA";"19059090";"11";"756,00";"mercadoria";"media";"produto de padaria/confeitaria; confirmar se é venda do produto ou alimentação servida no local";""
"28450003";"COOKIES RECHEADO";"19059090";"39";"748,80";"mercadoria";"media";"produto de padaria/confeitaria; confirmar se é venda do produto ou alimentação servida no local";""
"31170003";"QUEIJO QUENTE FRANCÊS";"19059090";"34";"740,00";"preparado_no_local";"alta";"o nome indica preparo e serviço no estabelecimento (art. 273, caput e § 1º)";"preparado_no_local"
"21390003";"TORTA BRIGADEIRO";"19059090";"24";"725,01";"mercadoria";"media";"produto de padaria/confeitaria; confirmar se é venda do produto ou alimentação servida no local";""
"31460003";"CIABATTA DE FILÉ MIGNON";"19059090";"11";"708,00";"mercadoria";"media";"produto de padaria/confeitaria; confirmar se é venda do produto ou alimentação servida no local";""
"16620003";"COOKIES TRADICIONAL";"19059090";"45";"686,00";"mercadoria";"media";"produto de padaria/confeitaria; confirmar se é venda do produto ou alimentação servida no local";""
"11790001";"SALTENHA CARNE";"19022000";"32";"684,00";"mercadoria";"media";"produto de padaria/confeitaria; confirmar se é venda do produto ou alimentação servida no local";""
"483";"MISTO QUENTE CROISSANT";"19059090";"20";"666,92";"preparado_no_local";"alta";"o nome indica preparo e serviço no estabelecimento (art. 273, caput e § 1º)";"preparado_no_local"
"2";"COCA COLA 350ML";"22021000";"52";"653,69";"mercadoria";"alta";"bebida industrializada com volume no nome: revenda sem preparo (art. 273, § 2º, II)";"mercadoria"
"32220003";"SALTENHA FRANGO";"19022000";"27";"646,00";"mercadoria";"media";"produto de padaria/confeitaria; confirmar se é venda do produto ou alimentação servida no local";""
"423";"SANDUICHE BAGUETE DE FRANGO";"19059090";"15";"608,00";"preparado_no_local";"alta";"o nome indica preparo e serviço no estabelecimento (art. 273, caput e § 1º)";"preparado_no_local"
"70";"CHOPP BRAHMA 300 ML";"22030000";"55";"599,40";"bebida_alcoolica";"alta";"NCM de bebida alcoólica: fora do regime (art. 273, § 2º, III)";"bebida_alcoolica"
"88";"BOLO CENOURA VULCÃO";"19059090";"33";"575,67";"mercadoria";"media";"produto de padaria/confeitaria; confirmar se é venda do produto ou alimentação servida no local";""
"31480003";"SANDUICHE BAGUETE DE SALAME ITALIANO";"19059090";"14";"575,60";"preparado_no_local";"alta";"o nome indica preparo e serviço no estabelecimento (art. 273, caput e § 1º)";"preparado_no_local"
"292";"EMPADAO FRANGO FATIA";"19022000";"23";"575,00";"mercadoria";"media";"produto de padaria/confeitaria; confirmar se é venda do produto ou alimentação servida no local";""
"796379";"MIOLO SELECAO CABERNET/MERLOT - (TTO) - BAG 3L";"22042100";"21";"550,00";"bebida_alcoolica";"alta";"NCM de bebida alcoólica: fora do regime (art. 273, § 2º, III)";"bebida_alcoolica"
"34060003";"TORTA ZERO GLUTEN";"19059090";"16";"544,00";"mercadoria";"media";"produto de padaria/confeitaria; confirmar se é venda do produto ou alimentação servida no local";""
"17";"SUCO MACROVITA LARANJA - 300ML";"20091900";"35";"504,00";"mercadoria";"alta";"bebida industrializada com volume no nome: revenda sem preparo (art. 273, § 2º, II)";"mercadoria"
"19940003";"STRUDEL MAÇÃ";"19059090";"27";"480,00";"mercadoria";"media";"produto de padaria/confeitaria; confirmar se é venda do produto ou alimentação servida no local";""
"30820003";"OMELETE PRESUNTO E QUEIJO";"21069090";"13";"475,57";"preparado_no_local";"alta";"o nome indica preparo e serviço no estabelecimento (art. 273, caput e § 1º)";"preparado_no_local"
"19990003";"BOLO RED VELVET";"19059090";"25";"459,00";"mercadoria";"media";"produto de padaria/confeitaria; confirmar se é venda do produto ou alimentação servida no local";""
"33450003";"CAFE EXPRESSO C/ LEITE P";"21011200";"34";"456,00";"preparado_no_local";"alta";"o nome indica preparo e serviço no estabelecimento (art. 273, caput e § 1º)";"preparado_no_local"
"17590003";"BRIGADEIRO";"19059090";"31";"454,80";"mercadoria";"media";"produto de padaria/confeitaria; confirmar se é venda do produto ou alimentação servida no local";""
"30090003";"CAFE PASSADO PEQUENO";"21011200";"38";"440,00";"preparado_no_local";"alta";"o nome indica preparo e serviço no estabelecimento (art. 273, caput e § 1º)";"preparado_no_local"
"89";"BROWNIE";"19059090";"28";"435,00";"mercadoria";"media";"produto de padaria/confeitaria; confirmar se é venda do produto ou alimentação servida no local";""
"31490003";"SANDUICHE BAGUETE DE PEITO DE PERU";"21069090";"11";"418,00";"preparado_no_local";"alta";"o nome indica preparo e serviço no estabelecimento (art. 273, caput e § 1º)";"preparado_no_local"
"10290";"COOKIE DE NUTELLA";"19059090";"16";"418,00";"mercadoria";"media";"produto de padaria/confeitaria; confirmar se é venda do produto ou alimentação servida no local";""
"30370003";"CAFE JURERE";"21011200";"14";"416,00";"preparado_no_local";"alta";"o nome indica preparo e serviço no estabelecimento (art. 273, caput e § 1º)";"preparado_no_local"
"10294";"PAIN AU CHOCOLAT";"21069090";"26";"416,00";"";"baixa";"sem critério seguro; classificar na revisão";""
"30120003";"CAFÉ PISTACHE";"21011200";"14";"392,00";"preparado_no_local";"alta";"o nome indica preparo e serviço no estabelecimento (art. 273, caput e § 1º)";"preparado_no_local"
"21400003";"TORTA RED VELVET";"19059090";"13";"388,94";"mercadoria";"media";"produto de padaria/confeitaria; confirmar se é venda do produto ou alimentação servida no local";""
"31450003";"CIABATTA DE FRANGO";"19059090";"7";"387,10";"mercadoria";"media";"produto de padaria/confeitaria; confirmar se é venda do produto ou alimentação servida no local";""
"30030003";"PÃO COM OVO FRANCES";"19059090";"19";"383,95";"mercadoria";"media";"produto de padaria/confeitaria; confirmar se é venda do produto ou alimentação servida no local";""
"499";"SUCO NATURAL DE MORANGO";"20091900";"20";"376,01";"preparado_no_local";"alta";"o nome indica preparo e serviço no estabelecimento (art. 273, caput e § 1º)";"preparado_no_local"
"17620003";"BOLO DE CENOURA RECHEADO";"19059090";"21";"368,00";"mercadoria";"media";"produto de padaria/confeitaria; confirmar se é venda do produto ou alimentação servida no local";""
"30390003";"CAFÉ FERRERO";"21011200";"14";"364,00";"preparado_no_local";"alta";"o nome indica preparo e serviço no estabelecimento (art. 273, caput e § 1º)";"preparado_no_local"
"20550003";"CANNOLI PISTACHE";"19059090";"25";"358,80";"mercadoria";"media";"produto de padaria/confeitaria; confirmar se é venda do produto ou alimentação servida no local";""
"31410003";"HAMBURGUER JURERE BURGUER";"21069090";"7";"343,00";"preparado_no_local";"alta";"o nome indica preparo e serviço no estabelecimento (art. 273, caput e § 1º)";"preparado_no_local"
"19930003";"STRUDEL BANANA";"19059090";"17";"336,00";"mercadoria";"media";"produto de padaria/confeitaria; confirmar se é venda do produto ou alimentação servida no local";""
"21420003";"QUEIJADINHA";"19059090";"18";"324,00";"mercadoria";"media";"produto de padaria/confeitaria; confirmar se é venda do produto ou alimentação servida no local";""
"13610003";"COXINHA DE COSTELA";"19022000";"16";"323,00";"mercadoria";"media";"produto de padaria/confeitaria; confirmar se é venda do produto ou alimentação servida no local";""
"30450003";"ICED CAPPUCCINO";"21011200";"14";"323,00";"preparado_no_local";"alta";"o nome indica preparo e serviço no estabelecimento (art. 273, caput e § 1º)";"preparado_no_local"
"741";"FOLHADO DOCE MAÇA";"19059090";"20";"320,00";"mercadoria";"media";"produto de padaria/confeitaria; confirmar se é venda do produto ou alimentação servida no local";""
"17630003";"BOLO DE CHOCOLATE RECHEADO";"19059090";"21";"315,00";"mercadoria";"media";"produto de padaria/confeitaria; confirmar se é venda do produto ou alimentação servida no local";""
"31400003";"HAMBURGUER JURERE SALAD";"21069090";"6";"312,00";"preparado_no_local";"alta";"o nome indica preparo e serviço no estabelecimento (art. 273, caput e § 1º)";"preparado_no_local"
"17650003";"CANNOLI CREME";"19059090";"31";"310,00";"mercadoria";"media";"produto de padaria/confeitaria; confirmar se é venda do produto ou alimentação servida no local";""
"9150003";"EMPADA DE FRANGO";"19022000";"18";"302,00";"mercadoria";"media";"produto de padaria/confeitaria; confirmar se é venda do produto ou alimentação servida no local";""
"32320003";"BOLO REDONDO MESA";"19059090";"9";"297,00";"mercadoria";"media";"produto de padaria/confeitaria; confirmar se é venda do produto ou alimentação servida no local";""
"234";"CAFE PASSADO C/LEITE P";"21011200";"24";"290,00";"preparado_no_local";"alta";"o nome indica preparo e serviço no estabelecimento (art. 273, caput e § 1º)";"preparado_no_local"
"818";"FOLHADO DOCE BANANA";"19059090";"18";"287,56";"mercadoria";"media";"produto de padaria/confeitaria; confirmar se é venda do produto ou alimentação servida no local";""
"247";"COCA COLA 600 ML";"22021000";"15";"286,35";"mercadoria";"alta";"refrigerante/energético com volume no nome: revenda sem preparo (art. 273, § 2º, II)";"mercadoria"
"137";"DOGUINHO";"19059090";"14";"282,60";"mercadoria";"media";"produto de padaria/confeitaria; confirmar se é venda do produto ou alimentação servida no local";""
"31230003";"BAURU PÃO FRANCÊS";"19059090";"11";"276,00";"mercadoria";"media";"produto de padaria/confeitaria; confirmar se é venda do produto ou alimentação servida no local";""
"26360003";"CATARINA";"19059090";"10";"275,00";"mercadoria";"media";"produto de padaria/confeitaria; confirmar se é venda do produto ou alimentação servida no local";""
"31190003";"QUEIJO QUENTE CROISSANT";"19059090";"10";"270,00";"preparado_no_local";"alta";"o nome indica preparo e serviço no estabelecimento (art. 273, caput e § 1º)";"preparado_no_local"
"500";"SUCO NATURAL DE ABACAXI";"20091900";"14";"270,00";"preparado_no_local";"alta";"o nome indica preparo e serviço no estabelecimento (art. 273, caput e § 1º)";"preparado_no_local"
"33730003";"JALOUISE MAÇA";"19059090";"18";"270,00";"mercadoria";"media";"produto de padaria/confeitaria; confirmar se é venda do produto ou alimentação servida no local";""
"9870001";"FRANCES NA CHAPA REQUEIJÃO";"19059090";"14";"269,95";"mercadoria";"media";"produto de padaria/confeitaria; confirmar se é venda do produto ou alimentação servida no local";""
"31330003";"FRANCES NA CHAPA";"19059090";"15";"266,00";"mercadoria";"media";"produto de padaria/confeitaria; confirmar se é venda do produto ou alimentação servida no local";""
"30840003";"OMELETE DE FRANGO";"21069090";"7";"265,64";"preparado_no_local";"alta";"o nome indica preparo e serviço no estabelecimento (art. 273, caput e § 1º)";"preparado_no_local"
"259";"CROISSANT RECHEADO G";"19059090";"12";"264,00";"mercadoria";"media";"produto de padaria/confeitaria; confirmar se é venda do produto ou alimentação servida no local";""
"17610003";"BRIGADEIRO PISTACHE";"19059090";"18";"264,00";"mercadoria";"media";"produto de padaria/confeitaria; confirmar se é venda do produto ou alimentação servida no local";""
"11800001";"TORTA DOIS AMORES";"19059090";"9";"252,00";"mercadoria";"media";"produto de padaria/confeitaria; confirmar se é venda do produto ou alimentação servida no local";""
"131";"ESPETINHO DE FRANGO";"16025000";"11";"252,00";"preparado_no_local";"alta";"o nome indica preparo e serviço no estabelecimento (art. 273, caput e § 1º)";"preparado_no_local"
"24650003";"TORTA BOMBOM PISTACHE";"19059090";"8";"252,00";"mercadoria";"media";"produto de padaria/confeitaria; confirmar se é venda do produto ou alimentação servida no local";""
"17860003";"SUCO COM DUAS FRUTAS";"20098919";"11";"246,89";"preparado_no_local";"alta";"o nome indica preparo e serviço no estabelecimento (art. 273, caput e § 1º)";"preparado_no_local"
"30740003";"TAPIOCA PEITO DE PERU";"19059090";"7";"245,00";"preparado_no_local";"alta";"o nome indica preparo e serviço no estabelecimento (art. 273, caput e § 1º)";"preparado_no_local"
"615";"TORTAS KG";"19059090";"1";"233,74";"mercadoria";"media";"produto de padaria/confeitaria; confirmar se é venda do produto ou alimentação servida no local";""
"30760003";"TAPIOCA FRANGO";"19059090";"5";"228,00";"preparado_no_local";"alta";"o nome indica preparo e serviço no estabelecimento (art. 273, caput e § 1º)";"preparado_no_local"
"9330003";"MEDIALUNA";"19059090";"27";"212,42";"mercadoria";"media";"produto de padaria/confeitaria; confirmar se é venda do produto ou alimentação servida no local";""
"9340003";"CATAVENTO DE MORANGO C/ CREME";"19012010";"13";"210,00";"mercadoria";"media";"produto de padaria/confeitaria; confirmar se é venda do produto ou alimentação servida no local";""
"10348";"BOLO FUBA C/ GOIABADA";"21069090";"13";"209,99";"";"baixa";"sem critério seguro; classificar na revisão";""
"31120003";"MISTO QUENTE BAGUETE";"19059090";"6";"203,00";"preparado_no_local";"alta";"o nome indica preparo e serviço no estabelecimento (art. 273, caput e § 1º)";"preparado_no_local"
"17370003";"CANNOLI DOCE DE LEITE";"19059090";"18";"200,00";"mercadoria";"media";"produto de padaria/confeitaria; confirmar se é venda do produto ou alimentação servida no local";""
"30460003";"ICED CHOCOLATE";"18069000";"8";"199,44";"mercadoria";"media";"produto de padaria/confeitaria; confirmar se é venda do produto ou alimentação servida no local";""
"11320003";"PALITO DE PARMESAO KG";"19059090";"27";"198,30";"mercadoria";"media";"produto de padaria/confeitaria; confirmar se é venda do produto ou alimentação servida no local";""
"31320003";"PÃO FRANCÊS COM BOLINHO";"19059090";"6";"192,00";"mercadoria";"media";"produto de padaria/confeitaria; confirmar se é venda do produto ou alimentação servida no local";""
"20";"COCA COLA ZERO 600 ML";"22021000";"12";"192,00";"mercadoria";"alta";"refrigerante/energético com volume no nome: revenda sem preparo (art. 273, § 2º, II)";"mercadoria"
"35230003";"VINHO GERAL";"22041010";"2";"189,80";"bebida_alcoolica";"alta";"NCM de bebida alcoólica: fora do regime (art. 273, § 2º, III)";"bebida_alcoolica"
"37310003";"DELÍCIA DE PARIS";"19059090";"8";"189,60";"mercadoria";"media";"produto de padaria/confeitaria; confirmar se é venda do produto ou alimentação servida no local";""
"123";"KIBE";"19059090";"9";"187,00";"mercadoria";"media";"produto de padaria/confeitaria; confirmar se é venda do produto ou alimentação servida no local";""
"11770001";"CHIPA KG";"19059090";"44";"184,69";"mercadoria";"media";"produto de padaria/confeitaria; confirmar se é venda do produto ou alimentação servida no local";""
"144";"CINNAMON ROLL TRADICIONAL";"19059090";"10";"180,00";"mercadoria";"media";"produto de padaria/confeitaria; confirmar se é venda do produto ou alimentação servida no local";""
"20500003";"BOLO BANDEJA";"19059090";"9";"180,00";"mercadoria";"media";"produto de padaria/confeitaria; confirmar se é venda do produto ou alimentação servida no local";""
"110";"ADC OVO";"21069090";"29";"175,00";"preparado_no_local";"alta";"o nome indica preparo e serviço no estabelecimento (art. 273, caput e § 1º)";"preparado_no_local"
"32410003";"SALTENHA LINGUICA BLUMENAL";"19022000";"9";"171,00";"mercadoria";"media";"produto de padaria/confeitaria; confirmar se é venda do produto ou alimentação servida no local";""
"11590001";"QUICHE FATIA";"19059090";"9";"171,00";"mercadoria";"media";"produto de padaria/confeitaria; confirmar se é venda do produto ou alimentação servida no local";""
"11660001";"TORTA DE RAFAELLO";"19059090";"6";"168,00";"mercadoria";"media";"produto de padaria/confeitaria; confirmar se é venda do produto ou alimentação servida no local";""
"11730001";"MINI SALGADOS SORTIDOS";"19022000";"13";"165,84";"mercadoria";"media";"produto de padaria/confeitaria; confirmar se é venda do produto ou alimentação servida no local";""
"30420003";"ADC LEITE ZERO LACTOSE";"04012010";"37";"164,00";"preparado_no_local";"alta";"o nome indica preparo e serviço no estabelecimento (art. 273, caput e § 1º)";"preparado_no_local"
"124";"SALSICHA";"19022000";"11";"163,50";"mercadoria";"media";"produto de padaria/confeitaria; confirmar se é venda do produto ou alimentação servida no local";""
"502";"SUCO POLPA MARACUJA 350ML";"20089900";"9";"160,00";"preparado_no_local";"media";"o nome indica preparo, mas também traz volume/peso; confirmar";""
"8420001";"SUCO PRATS DE UVA 300ML";"20096100";"11";"156,00";"mercadoria";"alta";"bebida industrializada com volume no nome: revenda sem preparo (art. 273, § 2º, II)";"mercadoria"
"17670003";"MISTO QUENTE FORMA";"19059090";"7";"154,00";"preparado_no_local";"alta";"o nome indica preparo e serviço no estabelecimento (art. 273, caput e § 1º)";"preparado_no_local"
"28830003";"VITAMINA";"21069090";"7";"153,94";"preparado_no_local";"alta";"o nome indica preparo e serviço no estabelecimento (art. 273, caput e § 1º)";"preparado_no_local"
"130";"BOLINHO DE CARNE";"16025000";"6";"152,00";"";"baixa";"sem critério seguro; classificar na revisão";""
"4";"GUARANA ANTARCTICA ZERO - 350ML";"22021000";"13";"150,00";"mercadoria";"alta";"bebida industrializada com volume no nome: revenda sem preparo (art. 273, § 2º, II)";"mercadoria"
"209";"FOLHADO DE PRESUNTO E QUEIJO";"19059090";"6";"150,00";"mercadoria";"media";"produto de padaria/confeitaria; confirmar se é venda do produto ou alimentação servida no local";""
"491";"ADC BATATA FRITA";"01051190";"11";"150,00";"preparado_no_local";"alta";"o nome indica preparo e serviço no estabelecimento (art. 273, caput e § 1º)";"preparado_no_local"
"22";"AGUA MINERAL SEM GAS 1,5 LT";"22011000";"9";"150,00";"mercadoria";"alta";"água mineral: revenda sem preparo (art. 273, § 2º, II)";"mercadoria"
"28870003";"CHOUX CREAM";"19059090";"7";"147,00";"mercadoria";"media";"produto de padaria/confeitaria; confirmar se é venda do produto ou alimentação servida no local";""
"207";"OVOS MEXIDOS";"21069090";"5";"144,00";"preparado_no_local";"alta";"o nome indica preparo e serviço no estabelecimento (art. 273, caput e § 1º)";"preparado_no_local"
"8820003";"GOMA DE MASCAR MENTOS PURE";"17049020";"8";"144,00";"mercadoria";"media";"produto de padaria/confeitaria; confirmar se é venda do produto ou alimentação servida no local";""
"299";"MATCHA ICED LATTE";"21011200";"6";"144,00";"preparado_no_local";"alta";"o nome indica preparo e serviço no estabelecimento (art. 273, caput e § 1º)";"preparado_no_local"
"34250003";"SUCO NATURAL MELANCIA";"22029900";"6";"144,00";"preparado_no_local";"alta";"o nome indica preparo e serviço no estabelecimento (art. 273, caput e § 1º)";"preparado_no_local"
"149";"ORELHA DE GATO";"19059090";"27";"143,10";"mercadoria";"media";"produto de padaria/confeitaria; confirmar se é venda do produto ou alimentação servida no local";""
"824";"PAULISTA OUTROS PÃES";"19059090";"4";"140,00";"mercadoria";"media";"produto de padaria/confeitaria; confirmar se é venda do produto ou alimentação servida no local";""
"30430003";"ADC LEITE VEGETAL";"33059000";"25";"140,00";"preparado_no_local";"alta";"o nome indica preparo e serviço no estabelecimento (art. 273, caput e § 1º)";"preparado_no_local"
"20380003";"TORTA FLORESTA NEGRA";"19059090";"5";"140,00";"mercadoria";"media";"produto de padaria/confeitaria; confirmar se é venda do produto ou alimentação servida no local";""
"315";"CHOCO LEITE VIDRO 208ML";"18069000";"13";"136,00";"mercadoria";"media";"produto com volume/peso no nome, provável revenda sem preparo; confirmar";""
"24680003";"FOLHADO DOCE ABACAXI";"19059090";"9";"135,00";"mercadoria";"media";"produto de padaria/confeitaria; confirmar se é venda do produto ou alimentação servida no local";""
"30300003";"CHÁ DE CAMOMILA";"21069090";"9";"132,00";"preparado_no_local";"alta";"o nome indica preparo e serviço no estabelecimento (art. 273, caput e § 1º)";"preparado_no_local"
"20440003";"CINNAMON PISTACHE";"19059090";"4";"132,00";"mercadoria";"media";"produto de padaria/confeitaria; confirmar se é venda do produto ou alimentação servida no local";""
"30720003";"TAPIOCA QUEIJO E PRESUNTO";"19042000";"4";"128,00";"preparado_no_local";"alta";"o nome indica preparo e serviço no estabelecimento (art. 273, caput e § 1º)";"preparado_no_local"
"831";"MONSTER ENERGETICO 473ml";"22029900";"7";"126,00";"mercadoria";"alta";"bebida industrializada com volume no nome: revenda sem preparo (art. 273, § 2º, II)";"mercadoria"
"31280003";"AMERICANO PÃO FRANCÊS";"19059090";"5";"125,00";"mercadoria";"media";"produto de padaria/confeitaria; confirmar se é venda do produto ou alimentação servida no local";""
"699";"PÃO ITALIANO DE FERMENTAÇÃO NATURAL- MULTIGRAOS";"19059090";"5";"124,50";"mercadoria";"media";"produto de padaria/confeitaria; confirmar se é venda do produto ou alimentação servida no local";""
"31250003";"BAURU CROISSANT";"19059090";"4";"120,00";"mercadoria";"media";"produto de padaria/confeitaria; confirmar se é venda do produto ou alimentação servida no local";""
"13";"RED BULL - 250ML";"22021000";"7";"119,00";"mercadoria";"alta";"bebida industrializada com volume no nome: revenda sem preparo (art. 273, § 2º, II)";"mercadoria"
"87";"BROA DE MILHO KG";"19059090";"14";"118,42";"mercadoria";"media";"produto de padaria/confeitaria; confirmar se é venda do produto ou alimentação servida no local";""
"37220003";"SUCO DE LARANJA VITASUPRA 300ML";"20097100";"9";"117,00";"mercadoria";"alta";"bebida industrializada com volume no nome: revenda sem preparo (art. 273, § 2º, II)";"mercadoria"
"30850003";"OMELETE PEITO DE PERU";"21069090";"3";"117,00";"preparado_no_local";"alta";"o nome indica preparo e serviço no estabelecimento (art. 273, caput e § 1º)";"preparado_no_local"
"32420003";"SALTENHA FILÉ";"19022000";"6";"114,00";"mercadoria";"media";"produto de padaria/confeitaria; confirmar se é venda do produto ou alimentação servida no local";""
"31910003";"CAIPIROSKA MARACUJÁ C/ SMIRNOFF";"22089000";"3";"114,00";"bebida_alcoolica";"alta";"NCM de bebida alcoólica: fora do regime (art. 273, § 2º, III)";"bebida_alcoolica"
"17690003";"MUFFIN DE BAUNILHA";"19059090";"8";"112,00";"mercadoria";"media";"produto de padaria/confeitaria; confirmar se é venda do produto ou alimentação servida no local";""
"9910003";"TORTA FERRERO";"19059090";"3";"112,00";"mercadoria";"media";"produto de padaria/confeitaria; confirmar se é venda do produto ou alimentação servida no local";""
"31380003";"SANDUICHE PAULISTA NO PÃO FRANCÊS";"19059090";"4";"112,00";"preparado_no_local";"alta";"o nome indica preparo e serviço no estabelecimento (art. 273, caput e § 1º)";"preparado_no_local"
"17060003";"TORTA 5 LEITES";"19059090";"4";"112,00";"mercadoria";"media";"produto de padaria/confeitaria; confirmar se é venda do produto ou alimentação servida no local";""
"62";"CERVEJA HEINEKEN 330 ML";"22030000";"7";"110,00";"bebida_alcoolica";"alta";"NCM de bebida alcoólica: fora do regime (art. 273, § 2º, III)";"bebida_alcoolica"
"661";"AGUA DE COCO SOCOCO 330ML";"20098990";"7";"108,00";"mercadoria";"alta";"bebida industrializada com volume no nome: revenda sem preparo (art. 273, § 2º, II)";"mercadoria"
"182";"NESCAU NESTLE 270ML";"18063220";"7";"105,00";"mercadoria";"media";"produto com volume/peso no nome, provável revenda sem preparo; confirmar";""
"25410003";"BOLO DE BANANA INTEGRAL";"19059090";"7";"105,00";"mercadoria";"media";"produto de padaria/confeitaria; confirmar se é venda do produto ou alimentação servida no local";""
"33740003";"JALOUISE GOIABA";"19059090";"7";"105,00";"mercadoria";"media";"produto de padaria/confeitaria; confirmar se é venda do produto ou alimentação servida no local";""
"19890003";"FOLHADO DE FRUTAS VERMELHAS";"19059090";"7";"105,00";"mercadoria";"media";"produto de padaria/confeitaria; confirmar se é venda do produto ou alimentação servida no local";""
"557";"SUCO DELVALLE UVA 290ML";"22029900";"8";"100,00";"mercadoria";"alta";"bebida industrializada com volume no nome: revenda sem preparo (art. 273, § 2º, II)";"mercadoria"
"7";"GUARANA ANTACTICA - 350ML";"22021000";"10";"99,83";"mercadoria";"alta";"bebida industrializada com volume no nome: revenda sem preparo (art. 273, § 2º, II)";"mercadoria"
"10170001";"PÃO ITALIANO DE FERMENTAÇÃO NATURAL- ALECRIM E AZEITE";"19059090";"4";"98,45";"mercadoria";"media";"produto de padaria/confeitaria; confirmar se é venda do produto ou alimentação servida no local";""
"30880003";"SALADA DE FRANGO";"21069090";"2";"98,00";"preparado_no_local";"alta";"o nome indica preparo e serviço no estabelecimento (art. 273, caput e § 1º)";"preparado_no_local"
"10120003";"PÃO ITALIANO DE FERMENTAÇÃO NATURAL- PROVOLONE";"19059090";"4";"97,11";"mercadoria";"media";"produto de padaria/confeitaria; confirmar se é venda do produto ou alimentação servida no local";""
"33470003";"AMERICANO CROISSANT";"19059090";"3";"96,00";"mercadoria";"media";"produto de padaria/confeitaria; confirmar se é venda do produto ou alimentação servida no local";""
"34580003";"CROISSANT BRIOCHE";"19059090";"6";"96,00";"mercadoria";"media";"produto de padaria/confeitaria; confirmar se é venda do produto ou alimentação servida no local";""
"428";"AGUA DE COCO DUCOCO 330ML";"20098990";"8";"96,00";"mercadoria";"alta";"bebida industrializada com volume no nome: revenda sem preparo (art. 273, § 2º, II)";"mercadoria"
"31470003";"SANDUICHE BAGUETE DE PRESUNTO";"19059090";"3";"96,00";"preparado_no_local";"alta";"o nome indica preparo e serviço no estabelecimento (art. 273, caput e § 1º)";"preparado_no_local"
"30730003";"CREPIOCA QUEIJO E  PRESUNTO";"19059090";"2";"96,00";"preparado_no_local";"alta";"o nome indica preparo e serviço no estabelecimento (art. 273, caput e § 1º)";"preparado_no_local"
"30040003";"PAO COM OVO OUTROS PAES";"19059090";"3";"91,86";"mercadoria";"media";"produto de padaria/confeitaria; confirmar se é venda do produto ou alimentação servida no local";""
"470";"ADC CHANTILLY";"21011200";"11";"89,92";"preparado_no_local";"alta";"o nome indica preparo e serviço no estabelecimento (art. 273, caput e § 1º)";"preparado_no_local"
"23800003";"BAGUETE KG";"19059090";"17";"89,55";"preparado_no_local";"alta";"o nome indica preparo e serviço no estabelecimento (art. 273, caput e § 1º)";"preparado_no_local"
"10381";"MADRILENHO";"19019090";"3";"88,00";"mercadoria";"media";"produto de padaria/confeitaria; confirmar se é venda do produto ou alimentação servida no local";""
"205";"SALADA DE FRUTA 350 ML";"08109090";"4";"88,00";"preparado_no_local";"media";"o nome indica preparo, mas também traz volume/peso; confirmar";""
"504";"SUCO DE ACAI";"20079921";"4";"88,00";"preparado_no_local";"alta";"o nome indica preparo e serviço no estabelecimento (art. 273, caput e § 1º)";"preparado_no_local"
"32340003";"NEW YORK ROLL";"19059090";"4";"88,00";"mercadoria";"media";"produto de padaria/confeitaria; confirmar se é venda do produto ou alimentação servida no local";""
"30510003";"MILKSHAKES OVOMALTINE";"21069029";"3";"87,00";"preparado_no_local";"alta";"o nome indica preparo e serviço no estabelecimento (art. 273, caput e § 1º)";"preparado_no_local"
"141";"PÃO DOCE KG";"19059090";"16";"84,16";"mercadoria";"media";"produto de padaria/confeitaria; confirmar se é venda do produto ou alimentação servida no local";""
"31530003";"TIGELA DE AÇAI 300GR";"21069090";"3";"84,00";"mercadoria";"media";"produto com volume/peso no nome, provável revenda sem preparo; confirmar";""
"14240003";"BEBIDA DE GARRAFA ALPINO 280ML";"22029900";"5";"84,00";"mercadoria";"alta";"bebida industrializada com volume no nome: revenda sem preparo (art. 273, § 2º, II)";"mercadoria"
"309";"CHA HORTELA";"21069090";"7";"84,00";"preparado_no_local";"alta";"o nome indica preparo e serviço no estabelecimento (art. 273, caput e § 1º)";"preparado_no_local"
"12";"SCHWEPPES CITRUS - 350ML";"22021000";"8";"80,00";"mercadoria";"alta";"bebida industrializada com volume no nome: revenda sem preparo (art. 273, § 2º, II)";"mercadoria"
"91";"PALMIER 50 KG";"19059090";"20";"78,88";"mercadoria";"media";"produto com volume/peso no nome, provável revenda sem preparo; confirmar";""
"30770003";"CREPIOCA FRANGO";"21069090";"2";"76,00";"preparado_no_local";"alta";"o nome indica preparo e serviço no estabelecimento (art. 273, caput e § 1º)";"preparado_no_local"
"139";"PAO CIABATTA KG";"19059090";"10";"75,70";"mercadoria";"media";"produto de padaria/confeitaria; confirmar se é venda do produto ou alimentação servida no local";""
"26110003";"ENTREMET JURERE";"19059090";"1";"72,00";"mercadoria";"media";"produto de padaria/confeitaria; confirmar se é venda do produto ou alimentação servida no local";""
"3";"SPRITE - 350ML";"22021000";"7";"70,00";"mercadoria";"alta";"bebida industrializada com volume no nome: revenda sem preparo (art. 273, § 2º, II)";"mercadoria"
"77";"MACHIATTO M";"21011200";"4";"70,00";"preparado_no_local";"alta";"o nome indica preparo e serviço no estabelecimento (art. 273, caput e § 1º)";"preparado_no_local"
"5";"FANTA LARANJA - 350ML";"22021000";"7";"69,59";"mercadoria";"alta";"bebida industrializada com volume no nome: revenda sem preparo (art. 273, § 2º, II)";"mercadoria"
"558";"SPRITE 600";"22021000";"5";"69,00";"mercadoria";"alta";"refrigerante/energético com volume no nome: revenda sem preparo (art. 273, § 2º, II)";"mercadoria"
"30710003";"SUCO AÇAÍ ESPECIAL";"20079921";"3";"69,00";"preparado_no_local";"alta";"o nome indica preparo e serviço no estabelecimento (art. 273, caput e § 1º)";"preparado_no_local"
"28540003";"ENERGETICO TUM";"21069090";"2";"66,00";"";"baixa";"sem critério seguro; classificar na revisão";""
"30550003";"SODA ITALIANA CRANBERRY";"22021000";"3";"66,00";"preparado_no_local";"alta";"o nome indica preparo e serviço no estabelecimento (art. 273, caput e § 1º)";"preparado_no_local"
"595";"DEL VALLE UVA 200ML";"22021000";"7";"64,00";"mercadoria";"alta";"bebida industrializada com volume no nome: revenda sem preparo (art. 273, § 2º, II)";"mercadoria"
"31310003";"AMERICANO BAGUETE";"19059090";"2";"64,00";"preparado_no_local";"alta";"o nome indica preparo e serviço no estabelecimento (art. 273, caput e § 1º)";"preparado_no_local"
"31350003";"CROISSANT NA CHAPA";"19059090";"2";"63,00";"mercadoria";"media";"produto de padaria/confeitaria; confirmar se é venda do produto ou alimentação servida no local";""
"31270003";"BAURU BAGUETE";"19059090";"2";"60,00";"preparado_no_local";"alta";"o nome indica preparo e serviço no estabelecimento (art. 273, caput e § 1º)";"preparado_no_local"
"244";"SPRITE LEMON FRESH - 510ML";"22021000";"5";"60,00";"mercadoria";"alta";"bebida industrializada com volume no nome: revenda sem preparo (art. 273, § 2º, II)";"mercadoria"
"75";"MACHIATTO P";"21011200";"4";"60,00";"preparado_no_local";"alta";"o nome indica preparo e serviço no estabelecimento (art. 273, caput e § 1º)";"preparado_no_local"
"30530003";"MILKSHAKES MORANGO";"21069029";"2";"58,00";"preparado_no_local";"alta";"o nome indica preparo e serviço no estabelecimento (art. 273, caput e § 1º)";"preparado_no_local"
"31110003";"MISTO QUENTE CIABATTA";"19059090";"2";"58,00";"preparado_no_local";"alta";"o nome indica preparo e serviço no estabelecimento (art. 273, caput e § 1º)";"preparado_no_local"
"301";"ICED LATTE";"21011200";"3";"57,00";"preparado_no_local";"alta";"o nome indica preparo e serviço no estabelecimento (art. 273, caput e § 1º)";"preparado_no_local"
"17680003";"MUFFIN DE CHOCOLATE";"19059090";"4";"56,00";"mercadoria";"media";"produto de padaria/confeitaria; confirmar se é venda do produto ou alimentação servida no local";""
"30890003";"SALADA DE SALMÃO";"21069090";"1";"56,00";"preparado_no_local";"alta";"o nome indica preparo e serviço no estabelecimento (art. 273, caput e § 1º)";"preparado_no_local"
"11360001";"TORTA DUETO";"19059090";"2";"56,00";"mercadoria";"media";"produto de padaria/confeitaria; confirmar se é venda do produto ou alimentação servida no local";""
"270";"TRIDENT  MENTA 8G";"17049020";"14";"56,00";"mercadoria";"alta";"bala/chiclete embalado: revenda sem preparo (art. 273, § 2º, II)";"mercadoria"
"31210003";"QUEIJO QUENTE BAGUETE";"19059090";"2";"54,00";"preparado_no_local";"alta";"o nome indica preparo e serviço no estabelecimento (art. 273, caput e § 1º)";"preparado_no_local"
"31200003";"QUEIJO QUENTE CIABATTA";"19059090";"2";"54,00";"preparado_no_local";"alta";"o nome indica preparo e serviço no estabelecimento (art. 273, caput e § 1º)";"preparado_no_local"
"26170003";"TRIDENT X SENSES DIVERSOS 54GR";"17049090";"3";"54,00";"mercadoria";"alta";"bala/chiclete embalado: revenda sem preparo (art. 273, § 2º, II)";"mercadoria"
"30870003";"SALADA DE CARNE";"21069090";"1";"52,00";"preparado_no_local";"alta";"o nome indica preparo e serviço no estabelecimento (art. 273, caput e § 1º)";"preparado_no_local"
"33610003";"PAVLOVA";"19059090";"2";"52,00";"mercadoria";"media";"produto de padaria/confeitaria; confirmar se é venda do produto ou alimentação servida no local";""
"21440003";"FATIA UNGRA";"19059090";"4";"50,31";"mercadoria";"media";"produto de padaria/confeitaria; confirmar se é venda do produto ou alimentação servida no local";""
"6";"FANTA UVA - 350ML";"22021000";"4";"50,00";"mercadoria";"alta";"bebida industrializada com volume no nome: revenda sem preparo (art. 273, § 2º, II)";"mercadoria"
"23330003";"PÃO ITALIANO DE FERMENTAÇÃO NATURAL- ITALIANO";"19059090";"2";"49,80";"mercadoria";"media";"produto de padaria/confeitaria; confirmar se é venda do produto ou alimentação servida no local";""
"134";"EMPANADO CALABRESA";"19022000";"3";"48,00";"mercadoria";"media";"produto de padaria/confeitaria; confirmar se é venda do produto ou alimentação servida no local";""
"31600003";"MEDIALUNA GRANDE";"19059090";"4";"48,00";"mercadoria";"media";"produto de padaria/confeitaria; confirmar se é venda do produto ou alimentação servida no local";""
"25800003";"CHOC TWIX 40 GR TRIPLO";"18063220";"8";"48,00";"mercadoria";"media";"produto com volume/peso no nome, provável revenda sem preparo; confirmar";""
"112";"TAPIOCA OVO E MANTEIGA";"19042000";"2";"48,00";"preparado_no_local";"alta";"o nome indica preparo e serviço no estabelecimento (art. 273, caput e § 1º)";"preparado_no_local"
"35180003";"BAURU FORMA";"19059090";"2";"46,00";"mercadoria";"media";"produto de padaria/confeitaria; confirmar se é venda do produto ou alimentação servida no local";""
"64";"CERVEJA CORONA 330ML";"22030000";"3";"45,00";"bebida_alcoolica";"alta";"NCM de bebida alcoólica: fora do regime (art. 273, § 2º, III)";"bebida_alcoolica"
"10349";"BOLO DE LIMÃO C/ MIRTILO";"21069090";"3";"45,00";"";"baixa";"sem critério seguro; classificar na revisão";""
"597";"SALAME DEFUMADO PERDIGAO FATIADO 100G";"16010000";"3";"45,00";"mercadoria";"media";"produto com volume/peso no nome, provável revenda sem preparo; confirmar";""
"35310003";"MISTO FRIO NO FRANCÊS";"19059090";"1";"44,00";"preparado_no_local";"alta";"o nome indica preparo e serviço no estabelecimento (art. 273, caput e § 1º)";"preparado_no_local"
"489";"ADC QUEIJO";"04069090";"7";"43,97";"preparado_no_local";"alta";"o nome indica preparo e serviço no estabelecimento (art. 273, caput e § 1º)";"preparado_no_local"
"271";"HALLS 28g";"17049020";"11";"42,20";"mercadoria";"alta";"bala/chiclete embalado: revenda sem preparo (art. 273, § 2º, II)";"mercadoria"
"31650003";"BATATA FRITA 400GR";"20041000";"1";"42,00";"mercadoria";"media";"produto com volume/peso no nome, provável revenda sem preparo; confirmar";""
"534";"BAGUETE NA CHAPA";"19059090";"2";"42,00";"preparado_no_local";"alta";"o nome indica preparo e serviço no estabelecimento (art. 273, caput e § 1º)";"preparado_no_local"
"19710003";"NESCAFÉ BEBIDA DIVERSOS 270ML";"04039000";"2";"42,00";"mercadoria";"media";"produto com volume/peso no nome, provável revenda sem preparo; confirmar";""
"799";"SUCO DELVALLE PESSEGO LATA 290ML";"22029900";"4";"40,00";"mercadoria";"alta";"bebida industrializada com volume no nome: revenda sem preparo (art. 273, § 2º, II)";"mercadoria"
"147852";"CUCA BANDEJA";"19059090";"1";"40,00";"mercadoria";"media";"produto de padaria/confeitaria; confirmar se é venda do produto ou alimentação servida no local";""
"31880003";"CAIPIROSKA MORANGO C/ ABSOLUT";"22089000";"1";"40,00";"bebida_alcoolica";"alta";"NCM de bebida alcoólica: fora do regime (art. 273, § 2º, III)";"bebida_alcoolica"
"27";"COCA COLA 2 LITROS";"22021000";"2";"40,00";"mercadoria";"alta";"bebida industrializada com volume no nome: revenda sem preparo (art. 273, § 2º, II)";"mercadoria"
"12130003";"SUCO PRATS UVA 900ML";"20096100";"2";"40,00";"mercadoria";"alta";"bebida industrializada com volume no nome: revenda sem preparo (art. 273, § 2º, II)";"mercadoria"
"9860003";"BOLO PISCININHA";"19059090";"1";"40,00";"mercadoria";"media";"produto de padaria/confeitaria; confirmar se é venda do produto ou alimentação servida no local";""
"31860003";"CAIPIRA LIMÃO C/ ABSOLUT";"22089000";"1";"39,00";"bebida_alcoolica";"alta";"NCM de bebida alcoólica: fora do regime (art. 273, § 2º, III)";"bebida_alcoolica"
"30790003";"TAPIOCA NUTELLA COM MORANGO";"19042000";"1";"39,00";"preparado_no_local";"alta";"o nome indica preparo e serviço no estabelecimento (art. 273, caput e § 1º)";"preparado_no_local"
"30290003";"CHÁ VERDE";"21069090";"3";"36,00";"preparado_no_local";"alta";"o nome indica preparo e serviço no estabelecimento (art. 273, caput e § 1º)";"preparado_no_local"
"31870003";"CAIPIRA LIMÃO C/ SMIRNOFF";"22089000";"1";"36,00";"bebida_alcoolica";"alta";"NCM de bebida alcoólica: fora do regime (art. 273, § 2º, III)";"bebida_alcoolica"
"245";"IOGURTE DIVERSOS";"04039000";"4";"32,00";"mercadoria";"media";"produto de padaria/confeitaria; confirmar se é venda do produto ou alimentação servida no local";""
"606";"BOLO DE MILHO";"19059090";"2";"32,00";"mercadoria";"media";"produto de padaria/confeitaria; confirmar se é venda do produto ou alimentação servida no local";""
"31300003";"AMERICANO CIABATTA";"19059090";"1";"32,00";"mercadoria";"media";"produto de padaria/confeitaria; confirmar se é venda do produto ou alimentação servida no local";""
"253";"KAPO UVA - 200ML";"22021000";"4";"32,00";"mercadoria";"alta";"bebida industrializada com volume no nome: revenda sem preparo (art. 273, § 2º, II)";"mercadoria"
"31510003";"BROWNIE JURERE";"19059090";"1";"32,00";"mercadoria";"media";"produto de padaria/confeitaria; confirmar se é venda do produto ou alimentação servida no local";""
"10296";"CINNAMON COM GANACHE";"21069090";"2";"32,00";"";"baixa";"sem critério seguro; classificar na revisão";""
"13160001";"PULLMAN PAO DE FORMA 480G";"19059010";"2";"30,85";"mercadoria";"media";"produto com volume/peso no nome, provável revenda sem preparo; confirmar";""
"28640003";"SALAME ITALIANO PAMPLONA";"21069090";"2";"30,40";"";"baixa";"sem critério seguro; classificar na revisão";""
"37280003";"JALOUISE BANANA";"19059090";"2";"30,00";"mercadoria";"media";"produto de padaria/confeitaria; confirmar se é venda do produto ou alimentação servida no local";""
"19750003";"BOLO AIPIM COM COCO";"19059090";"2";"30,00";"mercadoria";"media";"produto de padaria/confeitaria; confirmar se é venda do produto ou alimentação servida no local";""
"26350003";"ALFAJOR GRANDE VITRINE";"19059090";"2";"30,00";"mercadoria";"media";"produto de padaria/confeitaria; confirmar se é venda do produto ou alimentação servida no local";""
"35520003";"IOGURTE YOPRO POTE 160G MORANGO";"04032000";"1";"30,00";"mercadoria";"media";"produto com volume/peso no nome, provável revenda sem preparo; confirmar";""
"22330003";"QUEIJO MUSSARELA GALBANI 150G";"04061010";"2";"30,00";"mercadoria";"media";"produto com volume/peso no nome, provável revenda sem preparo; confirmar";""
"748";"SPRITE ZERO 350ML";"21069090";"2";"30,00";"mercadoria";"media";"produto com volume/peso no nome, provável revenda sem preparo; confirmar";""
"930093";"MIOLO SELECAO CHARDONNAY/VIOGNIER - (BCO) - BAG 3L";"22042100";"1";"30,00";"bebida_alcoolica";"alta";"NCM de bebida alcoólica: fora do regime (art. 273, § 2º, III)";"bebida_alcoolica"
"20520003";"QUEIJO MUSSARELA SADIA 150G";"21069090";"2";"30,00";"mercadoria";"media";"produto com volume/peso no nome, provável revenda sem preparo; confirmar";""
"12600003";"SNICKERS - 45G";"18063220";"5";"30,00";"mercadoria";"media";"produto com volume/peso no nome, provável revenda sem preparo; confirmar";""
"211";"PRESUNTO PERDIGAO - 200G";"21069090";"2";"30,00";"mercadoria";"media";"produto com volume/peso no nome, provável revenda sem preparo; confirmar";""
"13280003";"PAO DE QUEIJO RECHEADO";"19059090";"2";"30,00";"mercadoria";"media";"produto de padaria/confeitaria; confirmar se é venda do produto ou alimentação servida no local";""
"708";"BALA HALLS MENTA PRATA 28G";"17049020";"10";"30,00";"mercadoria";"alta";"bala/chiclete embalado: revenda sem preparo (art. 273, § 2º, II)";"mercadoria"
"25550003";"AGUA DE COCO AUTENTICO 450G";"20098990";"2";"30,00";"mercadoria";"alta";"bebida industrializada com volume no nome: revenda sem preparo (art. 273, § 2º, II)";"mercadoria"
"37270003";"BIG ICE CAPPUCCINO 500ML";"21011200";"1";"30,00";"preparado_no_local";"media";"o nome indica preparo, mas também traz volume/peso; confirmar";""
"19760003";"QUEIJO PRATO SADIA 150G";"04063000";"2";"30,00";"preparado_no_local";"media";"o nome indica preparo, mas também traz volume/peso; confirmar";""
"105";"COXINHA DE MORANGO";"19059090";"1";"30,00";"mercadoria";"media";"produto de padaria/confeitaria; confirmar se é venda do produto ou alimentação servida no local";""
"34180003";"TORTA BROWNIE LIMÃO";"19059090";"1";"28,00";"mercadoria";"media";"produto de padaria/confeitaria; confirmar se é venda do produto ou alimentação servida no local";""
"20830003";"TORTA DE CAFÉ";"19059090";"1";"28,00";"preparado_no_local";"alta";"o nome indica preparo e serviço no estabelecimento (art. 273, caput e § 1º)";"preparado_no_local"
"24670003";"TORTA BOMBOM DE MORANGO";"19059090";"1";"28,00";"mercadoria";"media";"produto de padaria/confeitaria; confirmar se é venda do produto ou alimentação servida no local";""
"11310003";"TORTA ALEMA";"19059090";"1";"28,00";"mercadoria";"media";"produto de padaria/confeitaria; confirmar se é venda do produto ou alimentação servida no local";""
"24410003";"TORTA BABA DE MOÇA";"19059090";"1";"28,00";"mercadoria";"media";"produto de padaria/confeitaria; confirmar se é venda do produto ou alimentação servida no local";""
"273";"TRIDENT HORTELA 8g";"21069090";"7";"27,96";"mercadoria";"media";"produto com volume/peso no nome, provável revenda sem preparo; confirmar";""
"12170003";"SUCO PRATS LIMONADA 300ML";"20093100";"2";"26,00";"mercadoria";"alta";"bebida industrializada com volume no nome: revenda sem preparo (art. 273, § 2º, II)";"mercadoria"
"24";"GATORADE DIVERSOS";"22029900";"2";"25,80";"";"baixa";"sem critério seguro; classificar na revisão";""
"31390003";"ADC BACON EM TIRAS";"21069090";"5";"25,00";"preparado_no_local";"alta";"o nome indica preparo e serviço no estabelecimento (art. 273, caput e § 1º)";"preparado_no_local"
"538";"CIABATTA NA CHAPA REQUEIJÃO";"19059090";"1";"25,00";"mercadoria";"media";"produto de padaria/confeitaria; confirmar se é venda do produto ou alimentação servida no local";""
"803";"PÃO ITALIANO DE FERMENTAÇÃO NATURAL- CÚRCUMA E LINGUICA";"19059090";"1";"24,90";"mercadoria";"media";"produto de padaria/confeitaria; confirmar se é venda do produto ou alimentação servida no local";""
"257";"MATTE LEAO LIMAO - 300ML";"22029900";"3";"24,00";"mercadoria";"alta";"bebida industrializada com volume no nome: revenda sem preparo (art. 273, § 2º, II)";"mercadoria"
"25820003";"CONFEITO  DISQUETE ( MM) 35 GR";"17049020";"3";"24,00";"mercadoria";"alta";"bala/chiclete embalado: revenda sem preparo (art. 273, § 2º, II)";"mercadoria"
"30320003";"CHÁ PRETO";"21069090";"2";"24,00";"preparado_no_local";"alta";"o nome indica preparo e serviço no estabelecimento (art. 273, caput e § 1º)";"preparado_no_local"
"723";"PICOLE LAKA OREO 68G";"28151100";"1";"24,00";"mercadoria";"media";"produto com volume/peso no nome, provável revenda sem preparo; confirmar";""
"683";"CEREALE TOAST INTEGRAL BAUDUCCO MULTI CEREAIS 128G";"19054000";"2";"24,00";"mercadoria";"media";"produto com volume/peso no nome, provável revenda sem preparo; confirmar";""
"12650003";"M&M`S 35G";"17049090";"3";"24,00";"mercadoria";"alta";"bala/chiclete embalado: revenda sem preparo (art. 273, § 2º, II)";"mercadoria"
"17810003";"SONHO DE CREME";"19059090";"2";"23,87";"mercadoria";"media";"produto de padaria/confeitaria; confirmar se é venda do produto ou alimentação servida no local";""
"31240003";"BAURU  NO PÃO INTEGRAL";"19059090";"1";"23,00";"mercadoria";"media";"produto de padaria/confeitaria; confirmar se é venda do produto ou alimentação servida no local";""
"9230003";"MIL FOLHAS CREME";"19059090";"1";"22,00";"mercadoria";"media";"produto de padaria/confeitaria; confirmar se é venda do produto ou alimentação servida no local";""
"581";"AGUA IMPERATRIZ 5 LTS";"22011000";"1";"22,00";"mercadoria";"alta";"água mineral: revenda sem preparo (art. 273, § 2º, II)";"mercadoria"
"458";"AGUA DA PEDRA 5L";"22011000";"1";"22,00";"mercadoria";"alta";"água mineral: revenda sem preparo (art. 273, § 2º, II)";"mercadoria"
"31090003";"MISTO QUENTE INTEGRAL";"19059090";"1";"22,00";"preparado_no_local";"alta";"o nome indica preparo e serviço no estabelecimento (art. 273, caput e § 1º)";"preparado_no_local"
"261";"PAO DOCE ESPECIAL KG";"19059090";"3";"21,96";"mercadoria";"media";"produto de padaria/confeitaria; confirmar se é venda do produto ou alimentação servida no local";""
"10190003";"PAO FRANCES INTEGRAL KG";"19059090";"6";"21,27";"mercadoria";"media";"produto de padaria/confeitaria; confirmar se é venda do produto ou alimentação servida no local";""
"31360003";"CIABATTA NA CHAPA";"19059090";"1";"21,00";"mercadoria";"media";"produto de padaria/confeitaria; confirmar se é venda do produto ou alimentação servida no local";""
"10308";"MARSHMALLOW GOLDKO VEGANO 30G";"19053200";"1";"20,15";"mercadoria";"media";"produto com volume/peso no nome, provável revenda sem preparo; confirmar";""
"800";"SUCO DELVALLE GOIABA LATA 290ML";"22029900";"2";"20,00";"mercadoria";"alta";"bebida industrializada com volume no nome: revenda sem preparo (art. 273, § 2º, II)";"mercadoria"
"10154";"Del Valle Limonada Classic LT 290ml";"22021000";"2";"20,00";"mercadoria";"alta";"bebida industrializada com volume no nome: revenda sem preparo (art. 273, § 2º, II)";"mercadoria"
"657";"SUCO DELVALLE LARANJA 450ML";"22029900";"2";"20,00";"mercadoria";"alta";"bebida industrializada com volume no nome: revenda sem preparo (art. 273, § 2º, II)";"mercadoria"
"19550003";"CHOC. 5STAR 40G";"18063220";"3";"20,00";"mercadoria";"media";"produto com volume/peso no nome, provável revenda sem preparo; confirmar";""
"27420003";"TRIDENT MAX";"17049020";"2";"20,00";"mercadoria";"media";"produto de padaria/confeitaria; confirmar se é venda do produto ou alimentação servida no local";""
"109";"ADC CARNES";"21069090";"1";"20,00";"preparado_no_local";"alta";"o nome indica preparo e serviço no estabelecimento (art. 273, caput e § 1º)";"preparado_no_local"
"16770003";"Coca cola expresso 220ml";"21069090";"2";"20,00";"preparado_no_local";"media";"o nome indica preparo, mas também traz volume/peso; confirmar";""
"25330003";"PEPSI ZERO LATA 350ML";"22021000";"2";"20,00";"mercadoria";"alta";"bebida industrializada com volume no nome: revenda sem preparo (art. 273, § 2º, II)";"mercadoria"
"10";"TONICA SCHWEPPES - 350ML";"22021000";"2";"20,00";"mercadoria";"alta";"bebida industrializada com volume no nome: revenda sem preparo (art. 273, § 2º, II)";"mercadoria"
"204";"PAO TRADICIONAL VISCONTI - 400 G";"19059010";"2";"20,00";"mercadoria";"media";"produto com volume/peso no nome, provável revenda sem preparo; confirmar";""
"31180003";"QUEIJO QUENTE INTEGRAL";"19059090";"1";"20,00";"preparado_no_local";"alta";"o nome indica preparo e serviço no estabelecimento (art. 273, caput e § 1º)";"preparado_no_local"
"609";"BOMBOM DE MORANGO";"19059090";"2";"20,00";"mercadoria";"media";"produto de padaria/confeitaria; confirmar se é venda do produto ou alimentação servida no local";""
"8430001";"SUCO PRATS DE LARANJA 900 ML";"20091900";"1";"20,00";"mercadoria";"alta";"bebida industrializada com volume no nome: revenda sem preparo (art. 273, § 2º, II)";"mercadoria"
"251";"GUARANA ANTACTICA - 2 LITROS";"22021000";"1";"20,00";"mercadoria";"alta";"bebida industrializada com volume no nome: revenda sem preparo (art. 273, § 2º, II)";"mercadoria"
"355";"PEITO DE FRANGO DEFUMADO CERATTI";"16010000";"1";"20,00";"";"baixa";"sem critério seguro; classificar na revisão";""
"33720003";"QUEIJO QUENTE PÃO DE FORMA";"19059090";"1";"20,00";"preparado_no_local";"alta";"o nome indica preparo e serviço no estabelecimento (art. 273, caput e § 1º)";"preparado_no_local"
"713";"SALAME ITALIANO FATIADO SADIA 100G";"16010000";"1";"20,00";"mercadoria";"media";"produto com volume/peso no nome, provável revenda sem preparo; confirmar";""
"272";"BUBBALOO UNI";"17049020";"12";"19,00";"mercadoria";"media";"produto de padaria/confeitaria; confirmar se é venda do produto ou alimentação servida no local";""
"18410003";"BALA BUTTER TOFFEES";"17049020";"19";"18,80";"mercadoria";"media";"produto de padaria/confeitaria; confirmar se é venda do produto ou alimentação servida no local";""
"740";"MANTEIGA SEM SAL ALTO ALEGRE 200G";"21069090";"1";"18,00";"mercadoria";"media";"produto com volume/peso no nome, provável revenda sem preparo; confirmar";""
"10135";"EMPANADA DE FRANGO";"19022000";"1";"18,00";"mercadoria";"media";"produto de padaria/confeitaria; confirmar se é venda do produto ou alimentação servida no local";""
"10313";"TAKIS INTENSE NACHO 120G";"19041000";"1";"16,00";"mercadoria";"media";"produto com volume/peso no nome, provável revenda sem preparo; confirmar";""
"494";"ADC CHEDDAR";"04069090";"2";"16,00";"preparado_no_local";"alta";"o nome indica preparo e serviço no estabelecimento (art. 273, caput e § 1º)";"preparado_no_local"
"10090001";"DANONE MORANGO - 170G";"04039000";"2";"16,00";"mercadoria";"media";"produto com volume/peso no nome, provável revenda sem preparo; confirmar";""
"488";"ADC SALAME ITALIANO";"16010000";"4";"16,00";"preparado_no_local";"alta";"o nome indica preparo e serviço no estabelecimento (art. 273, caput e § 1º)";"preparado_no_local"
"39";"SUCO KAPO MORANGO - 200ML";"21069090";"2";"16,00";"preparado_no_local";"media";"o nome indica preparo, mas também traz volume/peso; confirmar";""
"133";"EMPANADO BROCOLIS";"19022000";"1";"16,00";"mercadoria";"media";"produto de padaria/confeitaria; confirmar se é venda do produto ou alimentação servida no local";""
"12250001";"REQUEIJAO CRIOULO 180G";"21069090";"1";"16,00";"mercadoria";"media";"produto com volume/peso no nome, provável revenda sem preparo; confirmar";""
"12770001";"CALZONE CALABRESA E CHEDDAR GRANDE";"19059090";"1";"16,00";"mercadoria";"media";"produto de padaria/confeitaria; confirmar se é venda do produto ou alimentação servida no local";""
"23";"AGUA MINERAL COM GAS 1,5 LT";"22011000";"1";"16,00";"mercadoria";"alta";"água mineral: revenda sem preparo (art. 273, § 2º, II)";"mercadoria"
"37290003";"FOLHADO DOCE UVA";"19059090";"1";"15,00";"mercadoria";"media";"produto de padaria/confeitaria; confirmar se é venda do produto ou alimentação servida no local";""
"66";"CERVEJA BUDWEISER 330ML";"22030000";"1";"15,00";"bebida_alcoolica";"alta";"NCM de bebida alcoólica: fora do regime (art. 273, § 2º, III)";"bebida_alcoolica"
"10386";"BEB. LACTEA NESCAU PROTEIN 15G 250ML";"22029900";"1";"15,00";"mercadoria";"alta";"bebida industrializada com volume no nome: revenda sem preparo (art. 273, § 2º, II)";"mercadoria"
"37300003";"FOLHADO DOCE MORANGOS";"19059090";"1";"15,00";"mercadoria";"media";"produto de padaria/confeitaria; confirmar se é venda do produto ou alimentação servida no local";""
"16460003";"QUEIJO MUSSARELA - SADIA - 200G";"04061010";"1";"15,00";"mercadoria";"media";"produto com volume/peso no nome, provável revenda sem preparo; confirmar";""
"14660003";"DANONE 220G";"04039000";"1";"15,00";"mercadoria";"media";"produto com volume/peso no nome, provável revenda sem preparo; confirmar";""
"10310";"BOLD WHEY MOUSSE DE MORANGO 30G";"21069030";"1";"15,00";"mercadoria";"media";"produto com volume/peso no nome, provável revenda sem preparo; confirmar";""
"706";"BALA MENTOS  37,5G";"17049020";"3";"15,00";"mercadoria";"alta";"bala/chiclete embalado: revenda sem preparo (art. 273, § 2º, II)";"mercadoria"
"33700003";"YOPRO DIVERSOS";"22029900";"1";"15,00";"";"baixa";"sem critério seguro; classificar na revisão";""
"10314";"NUTRATA BARRA PROTEICA YOPRO 55G";"21069030";"1";"14,99";"mercadoria";"media";"produto com volume/peso no nome, provável revenda sem preparo; confirmar";""
"8360001";"WAFER SABOR MORANGO VISCONTI 120G";"19053200";"2";"14,00";"mercadoria";"media";"produto com volume/peso no nome, provável revenda sem preparo; confirmar";""
"529";"FRANCES INTEGRAL NA CHAPA REQUEIJAO";"19059090";"1";"14,00";"mercadoria";"media";"produto de padaria/confeitaria; confirmar se é venda do produto ou alimentação servida no local";""
"82";"CHOCOLATE QUENTE JURERE BUFFET";"18069000";"1";"14,00";"preparado_no_local";"alta";"o nome indica preparo e serviço no estabelecimento (art. 273, caput e § 1º)";"preparado_no_local"
"10379";"GOLDKO BOMBOM COOKIES E CREAM 13,5G";"17049010";"2";"13,98";"mercadoria";"alta";"bala/chiclete embalado: revenda sem preparo (art. 273, § 2º, II)";"mercadoria"
"15070003";"MACRON KG";"17049090";"2";"13,32";"mercadoria";"media";"produto de padaria/confeitaria; confirmar se é venda do produto ou alimentação servida no local";""
"18250003";"PICOLE LA FRUTTA MORANGO";"21050090";"1";"13,00";"mercadoria";"media";"produto de padaria/confeitaria; confirmar se é venda do produto ou alimentação servida no local";""
"10780003";"MORTADELA DEFUMADA GOURMET SEARA - 180G";"16010000";"1";"13,00";"mercadoria";"media";"produto com volume/peso no nome, provável revenda sem preparo; confirmar";""
"10380";"BARRA DE CHOCOLATE GOLDKO 20G";"18063210";"1";"12,50";"mercadoria";"media";"produto com volume/peso no nome, provável revenda sem preparo; confirmar";""
"31540003";"ADC BANANA AÇAI";"19012090";"4";"12,00";"preparado_no_local";"alta";"o nome indica preparo e serviço no estabelecimento (art. 273, caput e § 1º)";"preparado_no_local"
"659";"ADC PEITO DE PERU";"01051200";"3";"12,00";"preparado_no_local";"alta";"o nome indica preparo e serviço no estabelecimento (art. 273, caput e § 1º)";"preparado_no_local"
"280";"TRIDENT MORANGO 8g";"21069090";"4";"12,00";"mercadoria";"media";"produto com volume/peso no nome, provável revenda sem preparo; confirmar";""
"22240003";"CHA BOLDO";"21069090";"1";"12,00";"preparado_no_local";"alta";"o nome indica preparo e serviço no estabelecimento (art. 273, caput e § 1º)";"preparado_no_local"
"30330003";"CHÁ ABACAXI COM HORTELÃ";"21069090";"1";"12,00";"preparado_no_local";"alta";"o nome indica preparo e serviço no estabelecimento (art. 273, caput e § 1º)";"preparado_no_local"
"607";"CHOCOLATE LAKA 20G";"18069000";"3";"12,00";"mercadoria";"media";"produto com volume/peso no nome, provável revenda sem preparo; confirmar";""
"10028";"REFRIGERANTE FANTA GUARANA 350ML LATA";"22021000";"2";"12,00";"mercadoria";"alta";"bebida industrializada com volume no nome: revenda sem preparo (art. 273, § 2º, II)";"mercadoria"
"11480001";"PIRULITO PSICOLELICO";"19059090";"2";"12,00";"mercadoria";"media";"produto de padaria/confeitaria; confirmar se é venda do produto ou alimentação servida no local";""
"18480003";"REQUEIJAO CREMOSO R. MINAS 200G";"21069090";"1";"12,00";"mercadoria";"media";"produto com volume/peso no nome, provável revenda sem preparo; confirmar";""
"23790003";"CHOC. LACTA LAKA 34G";"18063220";"2";"12,00";"mercadoria";"media";"produto com volume/peso no nome, provável revenda sem preparo; confirmar";""
"12450001";"CERVEJA SPATEN 355ML";"22030000";"1";"12,00";"bebida_alcoolica";"alta";"NCM de bebida alcoólica: fora do regime (art. 273, § 2º, III)";"bebida_alcoolica"
"65";"CERVEJA EISENBAHN 355ML";"22021000";"1";"12,00";"mercadoria";"alta";"bebida industrializada com volume no nome: revenda sem preparo (art. 273, § 2º, II)";"mercadoria"
"35010003";"DEL VALLE 1LT";"21069090";"1";"12,00";"";"baixa";"sem critério seguro; classificar na revisão";""
"15890003";"BALA FINI TUBES AZEDINHO MIX";"17049020";"4";"12,00";"mercadoria";"media";"produto de padaria/confeitaria; confirmar se é venda do produto ou alimentação servida no local";""
"203";"PAO INTEGRAL VISCONTI - 400 G";"19059010";"1";"12,00";"mercadoria";"media";"produto com volume/peso no nome, provável revenda sem preparo; confirmar";""
"241";"QUINDIM";"19059090";"1";"11,70";"mercadoria";"media";"produto de padaria/confeitaria; confirmar se é venda do produto ou alimentação servida no local";""
"36480003";"MONSTER ENERGETICO 269ML";"22029900";"1";"11,00";"mercadoria";"alta";"bebida industrializada com volume no nome: revenda sem preparo (art. 273, § 2º, II)";"mercadoria"
"14820003";"BOLINHO CHOCOLATE E BAUNILHA - BAUDUCCO - 40G";"19059090";"2";"10,00";"mercadoria";"media";"produto com volume/peso no nome, provável revenda sem preparo; confirmar";""
"8500003";"LAYS 70G";"19042000";"1";"10,00";"mercadoria";"media";"produto com volume/peso no nome, provável revenda sem preparo; confirmar";""
"15870003";"SUCO DELVALLE SABOR MANGA";"22029900";"1";"10,00";"preparado_no_local";"alta";"o nome indica preparo e serviço no estabelecimento (art. 273, caput e § 1º)";"preparado_no_local"
"10220003";"TODDYNHO SABOR CHOCOLATE 200ML";"22029900";"2";"10,00";"mercadoria";"alta";"bebida industrializada com volume no nome: revenda sem preparo (art. 273, § 2º, II)";"mercadoria"
"10830003";"NESCAU PÓ LATA 200G";"18069000";"1";"10,00";"mercadoria";"media";"produto com volume/peso no nome, provável revenda sem preparo; confirmar";""
"544";"CHOCOLATE CHARGE 40G";"18069000";"2";"10,00";"mercadoria";"media";"produto com volume/peso no nome, provável revenda sem preparo; confirmar";""
"20700003";"SALGADINHO SLICE ORIGINAL 90G";"19042000";"1";"10,00";"mercadoria";"media";"produto com volume/peso no nome, provável revenda sem preparo; confirmar";""
"772";"COOKIES BAUDUCCO FINI 96G";"19053100";"1";"10,00";"mercadoria";"media";"produto com volume/peso no nome, provável revenda sem preparo; confirmar";""
"18430003";"PIRULITO BLONG";"17049020";"6";"10,00";"mercadoria";"media";"produto de padaria/confeitaria; confirmar se é venda do produto ou alimentação servida no local";""
"23960003";"PRINGLES 35";"21069090";"1";"10,00";"";"baixa";"sem critério seguro; classificar na revisão";""
"34240003";"POWERADE FRUTAS TROPICAIS";"22029900";"1";"10,00";"";"baixa";"sem critério seguro; classificar na revisão";""
"22780003";"CHOCOLATE TRENTO 32G";"18063220";"2";"10,00";"mercadoria";"media";"produto com volume/peso no nome, provável revenda sem preparo; confirmar";""
"10287";"DOCILE 90G";"17041000";"1";"9,00";"mercadoria";"alta";"bala/chiclete embalado: revenda sem preparo (art. 273, § 2º, II)";"mercadoria"
"553";"PAÇOCA PACOQUITA 45G";"19041000";"2";"9,00";"mercadoria";"media";"produto com volume/peso no nome, provável revenda sem preparo; confirmar";""
"284";"5STAR 40G";"18069000";"2";"9,00";"mercadoria";"media";"produto com volume/peso no nome, provável revenda sem preparo; confirmar";""
"10394";"CHOCOLATE VITAO MARCANTE ZERO ACUCAR 22G";"18063210";"1";"9,00";"mercadoria";"media";"produto com volume/peso no nome, provável revenda sem preparo; confirmar";""
"36290003";"PIPOCA DOCE GUSMAN 100G";"21069090";"1";"8,80";"mercadoria";"media";"produto com volume/peso no nome, provável revenda sem preparo; confirmar";""
"9930003";"ADC MORANGO AÇAI";"21069090";"2";"8,00";"preparado_no_local";"alta";"o nome indica preparo e serviço no estabelecimento (art. 273, caput e § 1º)";"preparado_no_local"
"8800003";"BALA GOMETS FRUTAS 32G";"17049020";"4";"8,00";"mercadoria";"alta";"bala/chiclete embalado: revenda sem preparo (art. 273, § 2º, II)";"mercadoria"
"10220001";"ADC DE NUTELLA";"18069000";"1";"8,00";"preparado_no_local";"alta";"o nome indica preparo e serviço no estabelecimento (art. 273, caput e § 1º)";"preparado_no_local"
"214";"MATTE LEAO ORIGINAL - 450ML";"22029900";"1";"8,00";"mercadoria";"alta";"bebida industrializada com volume no nome: revenda sem preparo (art. 273, § 2º, II)";"mercadoria"
"256";"MATTE LEAO ORIGINAL - 300ML";"22029900";"1";"8,00";"mercadoria";"alta";"bebida industrializada com volume no nome: revenda sem preparo (art. 273, § 2º, II)";"mercadoria"
"254";"KAPO LARANJA - 200ML";"22021000";"1";"8,00";"mercadoria";"alta";"bebida industrializada com volume no nome: revenda sem preparo (art. 273, § 2º, II)";"mercadoria"
"12640003";"TORTUGUITA  - CHOCOVINHOS - 50G";"18063220";"1";"8,00";"mercadoria";"media";"produto com volume/peso no nome, provável revenda sem preparo; confirmar";""
"8450001";"COOKIES NESTLE 60G";"19053100";"1";"8,00";"mercadoria";"media";"produto com volume/peso no nome, provável revenda sem preparo; confirmar";""
"647";"MATE LEAO ICE TEA PESSEGO ZERO 450ML";"22029900";"1";"8,00";"mercadoria";"alta";"bebida industrializada com volume no nome: revenda sem preparo (art. 273, § 2º, II)";"mercadoria"
"283";"TRIDENT CANELA 8g";"21069090";"2";"8,00";"mercadoria";"media";"produto com volume/peso no nome, provável revenda sem preparo; confirmar";""
"10050001";"VELA DE ANIVERSARIO BRANCA";"34060000";"1";"8,00";"";"baixa";"sem critério seguro; classificar na revisão";""
"585";"TRIDENT MELANCIA 8G";"21069090";"2";"7,60";"mercadoria";"media";"produto com volume/peso no nome, provável revenda sem preparo; confirmar";""
"13610001";"LOLLOIPOPS";"17049020";"1";"7,50";"mercadoria";"media";"produto de padaria/confeitaria; confirmar se é venda do produto ou alimentação servida no local";""
"11720001";"MINI COXINHA FRANGO";"19022000";"1";"7,20";"mercadoria";"media";"produto de padaria/confeitaria; confirmar se é venda do produto ou alimentação servida no local";""
"833";"ADC PÃES CARDÁPIO";"22029900";"1";"7,00";"preparado_no_local";"alta";"o nome indica preparo e serviço no estabelecimento (art. 273, caput e § 1º)";"preparado_no_local"
"34420003";"ADC ARROZ";"10061091";"1";"7,00";"preparado_no_local";"alta";"o nome indica preparo e serviço no estabelecimento (art. 273, caput e § 1º)";"preparado_no_local"
"24440003";"NESCAU ACTIV-GO Bebida  lactea 180ml";"04029900";"1";"7,00";"mercadoria";"media";"produto com volume/peso no nome, provável revenda sem preparo; confirmar";""
"19700003";"NESQUIK SABOR MORANGO 180ML";"04039000";"1";"7,00";"mercadoria";"media";"produto com volume/peso no nome, provável revenda sem preparo; confirmar";""
"20760003";"BISCOITO MAIZENA BAUDUCCO 170G";"19053100";"1";"7,00";"mercadoria";"media";"produto com volume/peso no nome, provável revenda sem preparo; confirmar";""
"392";"XICARA DE LEITE MEDIO";"21011200";"1";"7,00";"";"baixa";"sem critério seguro; classificar na revisão";""
"33950003";"WAFFER PRESTIGIO 110G";"19053100";"1";"7,00";"mercadoria";"media";"produto com volume/peso no nome, provável revenda sem preparo; confirmar";""
"31560003";"ADC GRANOLA";"19041000";"2";"6,00";"preparado_no_local";"alta";"o nome indica preparo e serviço no estabelecimento (art. 273, caput e § 1º)";"preparado_no_local"
"8380001";"TRENTO TRUFA";"19053200";"1";"6,00";"mercadoria";"media";"produto de padaria/confeitaria; confirmar se é venda do produto ou alimentação servida no local";""
"10346";"MORTADELA FATIADA JCW 150G";"16010000";"1";"5,99";"mercadoria";"media";"produto com volume/peso no nome, provável revenda sem preparo; confirmar";""
"285";"BIS XTRA BRANCO 45G";"18069000";"1";"5,50";"mercadoria";"media";"produto com volume/peso no nome, provável revenda sem preparo; confirmar";""
"676";"BALA FRUIT TELLA 41G";"17049020";"1";"5,00";"mercadoria";"alta";"bala/chiclete embalado: revenda sem preparo (art. 273, § 2º, II)";"mercadoria"
"57";"LEITE FERMENTADO CHAMYTO - 170G";"04039000";"1";"5,00";"mercadoria";"media";"produto com volume/peso no nome, provável revenda sem preparo; confirmar";""
"34550003";"BITES SNACKS 38G";"19059090";"1";"5,00";"mercadoria";"media";"produto com volume/peso no nome, provável revenda sem preparo; confirmar";""
"11820003";"CHOCOLEITE 200ML";"18061000";"1";"5,00";"mercadoria";"media";"produto com volume/peso no nome, provável revenda sem preparo; confirmar";""
"10160";"PATE DE FRANGO C/ ERVAS FINAS EXCELSIOR 100GR";"16010000";"1";"5,00";"mercadoria";"media";"produto com volume/peso no nome, provável revenda sem preparo; confirmar";""
"29810003";"FINI TUBES  MORANGO E NATA 40G";"17049020";"1";"4,50";"mercadoria";"alta";"bala/chiclete embalado: revenda sem preparo (art. 273, § 2º, II)";"mercadoria"
"493";"ADC REQUEIJAO";"04069090";"1";"4,00";"preparado_no_local";"alta";"o nome indica preparo e serviço no estabelecimento (art. 273, caput e § 1º)";"preparado_no_local"
"31590003";"ADC LEITE CONDENSADO";"04029900";"1";"4,00";"preparado_no_local";"alta";"o nome indica preparo e serviço no estabelecimento (art. 273, caput e § 1º)";"preparado_no_local"
"12130001";"PAÇOCA CASEIRAO";"17049020";"1";"4,00";"mercadoria";"media";"produto de padaria/confeitaria; confirmar se é venda do produto ou alimentação servida no local";""
"495";"ADC TOMATE";"07020000";"2";"4,00";"preparado_no_local";"alta";"o nome indica preparo e serviço no estabelecimento (art. 273, caput e § 1º)";"preparado_no_local"
"490";"ADC PRESUNTO";"02101900";"1";"4,00";"preparado_no_local";"alta";"o nome indica preparo e serviço no estabelecimento (art. 273, caput e § 1º)";"preparado_no_local"
"10101";"HALLS MORANGO ENVELOPE 28G CX C/21 24,2900";"17049020";"1";"4,00";"mercadoria";"alta";"bala/chiclete embalado: revenda sem preparo (art. 273, § 2º, II)";"mercadoria"
"37190003";"SURPRESA NESTLE 20G";"18069000";"1";"4,00";"mercadoria";"media";"produto com volume/peso no nome, provável revenda sem preparo; confirmar";""
"12570001";"CHOCOLATE CHOKITO";"18063220";"1";"4,00";"mercadoria";"media";"produto de padaria/confeitaria; confirmar se é venda do produto ou alimentação servida no local";""
"901";"CERVEJA BRAHMA 350ML";"22030000";"1";"3,99";"bebida_alcoolica";"alta";"NCM de bebida alcoólica: fora do regime (art. 273, § 2º, III)";"bebida_alcoolica"
"31570003";"ADC LEITE NINHO";"19011010";"1";"3,00";"preparado_no_local";"alta";"o nome indica preparo e serviço no estabelecimento (art. 273, caput e § 1º)";"preparado_no_local"
"23760003";"CHOC. LACTA OURO BRANCO 25G";"18063220";"1";"3,00";"mercadoria";"media";"produto com volume/peso no nome, provável revenda sem preparo; confirmar";""
"11880003";"SONHO DE VALSA 25G";"18069000";"1";"3,00";"mercadoria";"media";"produto com volume/peso no nome, provável revenda sem preparo; confirmar";""
"11930003";"BUBBALOO BALA SUPER MACIA 15 GR";"17049020";"1";"3,00";"mercadoria";"alta";"bala/chiclete embalado: revenda sem preparo (art. 273, § 2º, II)";"mercadoria"
"496";"ADC ALFACE";"07051900";"1";"2,00";"preparado_no_local";"alta";"o nome indica preparo e serviço no estabelecimento (art. 273, caput e § 1º)";"preparado_no_local"
"618";"PIRULITO GRANDE";"17049090";"1";"2,00";"mercadoria";"media";"produto de padaria/confeitaria; confirmar se é venda do produto ou alimentação servida no local";""
"619";"CHICLETES 7 BELO";"17049090";"1";"0,25";"mercadoria";"media";"produto de padaria/confeitaria; confirmar se é venda do produto ou alimentação servida no local";""
