indice;linha;regraId;ncm;codigo;itemRegra;evidenciaF1;evidenciaF2;statusEtapa5;status;sinalizadores;motivo;mapeamentoAutomatico;vereditoAutomatico;validacaoHumana;bloqueio;vinculacao
543;652;15131900-200033-VI-81;15131900;200033;81;Anexo VI item 81 (1513.19.00);lista (1 descrição(ões): Triglicerídeos de cadeia média);inequivoco;NORMA_CONFIRMADA;FUNDAMENTO_A_REVISAR VIGENCIA_AMBIGUA CONDICAO_NAO_VERIFICAVEL_NO_XML NCM_EM_OUTROS_CODIGOS;"F1 e F2 associam a NCM ao item 81 (Triglicerídeos de cadeia média); o item da regra coincide.";sim;só após validação humana do produto;sim (produto e condição);não;R-543
549;658;15132911-200033-VI-81;15132911;200033;81;Anexo VI item 81 (1513.29.11);lista (1 descrição(ões): Triglicerídeos de cadeia média);inequivoco;NORMA_CONFIRMADA;FUNDAMENTO_A_REVISAR VIGENCIA_AMBIGUA CONDICAO_NAO_VERIFICAVEL_NO_XML NCM_EM_OUTROS_CODIGOS;"F1 e F2 associam a NCM ao item 81 (Triglicerídeos de cadeia média); o item da regra coincide.";sim;só após validação humana do produto;sim (produto e condição);não;R-549
574;683;17023011-200033-VI-58;17023011;200033;58;Anexo VI item 58 (1702.30.11);lista (1 descrição(ões): Glicose);inequivoco;NORMA_CONFIRMADA;FUNDAMENTO_A_REVISAR VIGENCIA_AMBIGUA CONDICAO_NAO_VERIFICAVEL_NO_XML;"F1 e F2 associam a NCM ao item 58 (Glicose); o item da regra coincide.";sim;só após validação humana do produto;sim (produto e condição);não;R-574
575;684;17025000-200033-VI-54;17025000;200033;54;Anexo VI item 54 (1702.50.00);não lista no 200033;conflito;CONFLITO_ENTRE_FONTES;FUNDAMENTO_A_REVISAR VIGENCIA_AMBIGUA CONDICAO_NAO_VERIFICAVEL_NO_XML;"A LC 214 lista a NCM (item 54); o SVRS não a lista no 200033. Nenhuma fonte prevalece.";não;não;sim (especialista);enquadramento e cálculo;R-575
652;761;21069090-200033-VI-39;21069090;200033;39;Anexo VI item 39 (2106.90.90) + Anexo VI item 40 (2106.90.90) + Anexo VI item 41 (2106.90.90) + Anexo VI item 42 (2106.90.90) + Anexo VI item 43 (2106.90.90) + Anexo VI item 44 (2106.90.90) + Anexo VI item 45 (2106.90.90) + Anexo VI item 46 (2106.90.90);lista (8 descrição(ões): Fórmula para dieta cetogênica, na proporção de 4 g de gordura para cada 1 g de carboidratos e proteínas / Fórmula para dieta isenta de metionina, de treonina, de valina e restrita de isoleucina / Fórmula para dieta isenta de aminoácidos não essenciais / Fórmula para dieta isenta de fenilalanina e de metionina / Fórmula para dieta isenta de leucina, de isoleucina ou de valina / Fórmula para dieta isenta de lisina e pobre de triptofano / Fórmula para dieta isenta demetionina / Fórmula para dieta isenta de fenilalanina);ambiguo;NORMA_POSSIVEL_MULTIPLOS_ITENS;FUNDAMENTO_A_REVISAR VIGENCIA_AMBIGUA DEPENDE_COMPOSICAO_PRODUTO CONDICAO_NAO_VERIFICAVEL_NO_XML NCM_EM_OUTROS_CODIGOS;"A NCM é coberta pelos itens 39, 40, 41, 42, 43, 44, 45, 46; o item da regra (39) está entre eles; o item depende da composição do produto.";"parcial (código e anexo; item não)";não;sim (escolha do item e produto);escolha automática do item;R-652
653;762;21069090-200033-VI-40;21069090;200033;40;Anexo VI item 39 (2106.90.90) + Anexo VI item 40 (2106.90.90) + Anexo VI item 41 (2106.90.90) + Anexo VI item 42 (2106.90.90) + Anexo VI item 43 (2106.90.90) + Anexo VI item 44 (2106.90.90) + Anexo VI item 45 (2106.90.90) + Anexo VI item 46 (2106.90.90);lista (8 descrição(ões): Fórmula para dieta cetogênica, na proporção de 4 g de gordura para cada 1 g de carboidratos e proteínas / Fórmula para dieta isenta de metionina, de treonina, de valina e restrita de isoleucina / Fórmula para dieta isenta de aminoácidos não essenciais / Fórmula para dieta isenta de fenilalanina e de metionina / Fórmula para dieta isenta de leucina, de isoleucina ou de valina / Fórmula para dieta isenta de lisina e pobre de triptofano / Fórmula para dieta isenta demetionina / Fórmula para dieta isenta de fenilalanina);ambiguo;NORMA_POSSIVEL_MULTIPLOS_ITENS;FUNDAMENTO_A_REVISAR VIGENCIA_AMBIGUA DEPENDE_COMPOSICAO_PRODUTO CONDICAO_NAO_VERIFICAVEL_NO_XML NCM_EM_OUTROS_CODIGOS;"A NCM é coberta pelos itens 39, 40, 41, 42, 43, 44, 45, 46; o item da regra (40) está entre eles; o item depende da composição do produto.";"parcial (código e anexo; item não)";não;sim (escolha do item e produto);escolha automática do item;R-653
654;763;21069090-200033-VI-41;21069090;200033;41;Anexo VI item 39 (2106.90.90) + Anexo VI item 40 (2106.90.90) + Anexo VI item 41 (2106.90.90) + Anexo VI item 42 (2106.90.90) + Anexo VI item 43 (2106.90.90) + Anexo VI item 44 (2106.90.90) + Anexo VI item 45 (2106.90.90) + Anexo VI item 46 (2106.90.90);lista (8 descrição(ões): Fórmula para dieta cetogênica, na proporção de 4 g de gordura para cada 1 g de carboidratos e proteínas / Fórmula para dieta isenta de metionina, de treonina, de valina e restrita de isoleucina / Fórmula para dieta isenta de aminoácidos não essenciais / Fórmula para dieta isenta de fenilalanina e de metionina / Fórmula para dieta isenta de leucina, de isoleucina ou de valina / Fórmula para dieta isenta de lisina e pobre de triptofano / Fórmula para dieta isenta demetionina / Fórmula para dieta isenta de fenilalanina);ambiguo;NORMA_POSSIVEL_MULTIPLOS_ITENS;FUNDAMENTO_A_REVISAR VIGENCIA_AMBIGUA DEPENDE_COMPOSICAO_PRODUTO CONDICAO_NAO_VERIFICAVEL_NO_XML NCM_EM_OUTROS_CODIGOS;"A NCM é coberta pelos itens 39, 40, 41, 42, 43, 44, 45, 46; o item da regra (41) está entre eles; o item depende da composição do produto.";"parcial (código e anexo; item não)";não;sim (escolha do item e produto);escolha automática do item;R-654
655;764;21069090-200033-VI-42;21069090;200033;42;Anexo VI item 39 (2106.90.90) + Anexo VI item 40 (2106.90.90) + Anexo VI item 41 (2106.90.90) + Anexo VI item 42 (2106.90.90) + Anexo VI item 43 (2106.90.90) + Anexo VI item 44 (2106.90.90) + Anexo VI item 45 (2106.90.90) + Anexo VI item 46 (2106.90.90);lista (8 descrição(ões): Fórmula para dieta cetogênica, na proporção de 4 g de gordura para cada 1 g de carboidratos e proteínas / Fórmula para dieta isenta de metionina, de treonina, de valina e restrita de isoleucina / Fórmula para dieta isenta de aminoácidos não essenciais / Fórmula para dieta isenta de fenilalanina e de metionina / Fórmula para dieta isenta de leucina, de isoleucina ou de valina / Fórmula para dieta isenta de lisina e pobre de triptofano / Fórmula para dieta isenta demetionina / Fórmula para dieta isenta de fenilalanina);ambiguo;NORMA_POSSIVEL_MULTIPLOS_ITENS;FUNDAMENTO_A_REVISAR VIGENCIA_AMBIGUA DEPENDE_COMPOSICAO_PRODUTO CONDICAO_NAO_VERIFICAVEL_NO_XML NCM_EM_OUTROS_CODIGOS;"A NCM é coberta pelos itens 39, 40, 41, 42, 43, 44, 45, 46; o item da regra (42) está entre eles; o item depende da composição do produto.";"parcial (código e anexo; item não)";não;sim (escolha do item e produto);escolha automática do item;R-655
656;765;21069090-200033-VI-43;21069090;200033;43;Anexo VI item 39 (2106.90.90) + Anexo VI item 40 (2106.90.90) + Anexo VI item 41 (2106.90.90) + Anexo VI item 42 (2106.90.90) + Anexo VI item 43 (2106.90.90) + Anexo VI item 44 (2106.90.90) + Anexo VI item 45 (2106.90.90) + Anexo VI item 46 (2106.90.90);lista (8 descrição(ões): Fórmula para dieta cetogênica, na proporção de 4 g de gordura para cada 1 g de carboidratos e proteínas / Fórmula para dieta isenta de metionina, de treonina, de valina e restrita de isoleucina / Fórmula para dieta isenta de aminoácidos não essenciais / Fórmula para dieta isenta de fenilalanina e de metionina / Fórmula para dieta isenta de leucina, de isoleucina ou de valina / Fórmula para dieta isenta de lisina e pobre de triptofano / Fórmula para dieta isenta demetionina / Fórmula para dieta isenta de fenilalanina);ambiguo;NORMA_POSSIVEL_MULTIPLOS_ITENS;FUNDAMENTO_A_REVISAR VIGENCIA_AMBIGUA DEPENDE_COMPOSICAO_PRODUTO CONDICAO_NAO_VERIFICAVEL_NO_XML NCM_EM_OUTROS_CODIGOS;"A NCM é coberta pelos itens 39, 40, 41, 42, 43, 44, 45, 46; o item da regra (43) está entre eles; o item depende da composição do produto.";"parcial (código e anexo; item não)";não;sim (escolha do item e produto);escolha automática do item;R-656
657;766;21069090-200033-VI-44;21069090;200033;44;Anexo VI item 39 (2106.90.90) + Anexo VI item 40 (2106.90.90) + Anexo VI item 41 (2106.90.90) + Anexo VI item 42 (2106.90.90) + Anexo VI item 43 (2106.90.90) + Anexo VI item 44 (2106.90.90) + Anexo VI item 45 (2106.90.90) + Anexo VI item 46 (2106.90.90);lista (8 descrição(ões): Fórmula para dieta cetogênica, na proporção de 4 g de gordura para cada 1 g de carboidratos e proteínas / Fórmula para dieta isenta de metionina, de treonina, de valina e restrita de isoleucina / Fórmula para dieta isenta de aminoácidos não essenciais / Fórmula para dieta isenta de fenilalanina e de metionina / Fórmula para dieta isenta de leucina, de isoleucina ou de valina / Fórmula para dieta isenta de lisina e pobre de triptofano / Fórmula para dieta isenta demetionina / Fórmula para dieta isenta de fenilalanina);ambiguo;NORMA_POSSIVEL_MULTIPLOS_ITENS;FUNDAMENTO_A_REVISAR VIGENCIA_AMBIGUA DEPENDE_COMPOSICAO_PRODUTO CONDICAO_NAO_VERIFICAVEL_NO_XML NCM_EM_OUTROS_CODIGOS;"A NCM é coberta pelos itens 39, 40, 41, 42, 43, 44, 45, 46; o item da regra (44) está entre eles; o item depende da composição do produto.";"parcial (código e anexo; item não)";não;sim (escolha do item e produto);escolha automática do item;R-657
658;767;21069090-200033-VI-45;21069090;200033;45;Anexo VI item 39 (2106.90.90) + Anexo VI item 40 (2106.90.90) + Anexo VI item 41 (2106.90.90) + Anexo VI item 42 (2106.90.90) + Anexo VI item 43 (2106.90.90) + Anexo VI item 44 (2106.90.90) + Anexo VI item 45 (2106.90.90) + Anexo VI item 46 (2106.90.90);lista (8 descrição(ões): Fórmula para dieta cetogênica, na proporção de 4 g de gordura para cada 1 g de carboidratos e proteínas / Fórmula para dieta isenta de metionina, de treonina, de valina e restrita de isoleucina / Fórmula para dieta isenta de aminoácidos não essenciais / Fórmula para dieta isenta de fenilalanina e de metionina / Fórmula para dieta isenta de leucina, de isoleucina ou de valina / Fórmula para dieta isenta de lisina e pobre de triptofano / Fórmula para dieta isenta demetionina / Fórmula para dieta isenta de fenilalanina);ambiguo;NORMA_POSSIVEL_MULTIPLOS_ITENS;FUNDAMENTO_A_REVISAR VIGENCIA_AMBIGUA DEPENDE_COMPOSICAO_PRODUTO CONDICAO_NAO_VERIFICAVEL_NO_XML NCM_EM_OUTROS_CODIGOS;"A NCM é coberta pelos itens 39, 40, 41, 42, 43, 44, 45, 46; o item da regra (45) está entre eles; o item depende da composição do produto.";"parcial (código e anexo; item não)";não;sim (escolha do item e produto);escolha automática do item;R-658
659;768;21069090-200033-VI-46;21069090;200033;46;Anexo VI item 39 (2106.90.90) + Anexo VI item 40 (2106.90.90) + Anexo VI item 41 (2106.90.90) + Anexo VI item 42 (2106.90.90) + Anexo VI item 43 (2106.90.90) + Anexo VI item 44 (2106.90.90) + Anexo VI item 45 (2106.90.90) + Anexo VI item 46 (2106.90.90);lista (8 descrição(ões): Fórmula para dieta cetogênica, na proporção de 4 g de gordura para cada 1 g de carboidratos e proteínas / Fórmula para dieta isenta de metionina, de treonina, de valina e restrita de isoleucina / Fórmula para dieta isenta de aminoácidos não essenciais / Fórmula para dieta isenta de fenilalanina e de metionina / Fórmula para dieta isenta de leucina, de isoleucina ou de valina / Fórmula para dieta isenta de lisina e pobre de triptofano / Fórmula para dieta isenta demetionina / Fórmula para dieta isenta de fenilalanina);ambiguo;NORMA_POSSIVEL_MULTIPLOS_ITENS;FUNDAMENTO_A_REVISAR VIGENCIA_AMBIGUA DEPENDE_COMPOSICAO_PRODUTO CONDICAO_NAO_VERIFICAVEL_NO_XML NCM_EM_OUTROS_CODIGOS;"A NCM é coberta pelos itens 39, 40, 41, 42, 43, 44, 45, 46; o item da regra (46) está entre eles; o item depende da composição do produto.";"parcial (código e anexo; item não)";não;sim (escolha do item e produto);escolha automática do item;R-659
661;770;22029900-200033-VI-47;22029900;200033;47;Anexo VI item 47 (2202.99.00) + Anexo VI item 48 (2202.99.00);lista (2 descrição(ões): Preparação líquida, de quatro partes de trioleato de glicerol de ácido para uma parte de trierucato de glicerol / Fórmula hiperlipídica, para suplementação de triglicerídios de cadeia média ou triheptanoína);ambiguo;NORMA_POSSIVEL_MULTIPLOS_ITENS;FUNDAMENTO_A_REVISAR VIGENCIA_AMBIGUA DEPENDE_COMPOSICAO_PRODUTO CONDICAO_NAO_VERIFICAVEL_NO_XML NCM_EM_OUTROS_CODIGOS;"A NCM é coberta pelos itens 47, 48; o item da regra (47) está entre eles; o item depende da composição do produto.";"parcial (código e anexo; item não)";não;sim (escolha do item e produto);escolha automática do item;R-661
662;771;22029900-200033-VI-48;22029900;200033;48;Anexo VI item 47 (2202.99.00) + Anexo VI item 48 (2202.99.00);lista (2 descrição(ões): Preparação líquida, de quatro partes de trioleato de glicerol de ácido para uma parte de trierucato de glicerol / Fórmula hiperlipídica, para suplementação de triglicerídios de cadeia média ou triheptanoína);ambiguo;NORMA_POSSIVEL_MULTIPLOS_ITENS;FUNDAMENTO_A_REVISAR VIGENCIA_AMBIGUA DEPENDE_COMPOSICAO_PRODUTO CONDICAO_NAO_VERIFICAVEL_NO_XML NCM_EM_OUTROS_CODIGOS;"A NCM é coberta pelos itens 47, 48; o item da regra (48) está entre eles; o item depende da composição do produto.";"parcial (código e anexo; item não)";não;sim (escolha do item e produto);escolha automática do item;R-662
682;791;25010090-200033-VI-30;25010090;200033;30;Anexo VI item 30 (2501.00.90);lista (1 descrição(ões): Cloreto de sódio);inequivoco;NORMA_CONFIRMADA;FUNDAMENTO_A_REVISAR VIGENCIA_AMBIGUA CONDICAO_NAO_VERIFICAVEL_NO_XML NCM_EM_OUTROS_CODIGOS;"F1 e F2 associam a NCM ao item 30 (Cloreto de sódio); o item da regra coincide.";sim;só após validação humana do produto;sim (produto e condição);não;R-682
699;808;28111990-200033-VI-14;28111990;200033;14;Anexo VI item 14 (2811.19.90);lista (1 descrição(ões): Ácido selenioso);inequivoco;NORMA_CONFIRMADA;FUNDAMENTO_A_REVISAR VIGENCIA_AMBIGUA CONDICAO_NAO_VERIFICAVEL_NO_XML;"F1 e F2 associam a NCM ao item 14 (Ácido selenioso); o item da regra coincide.";sim;só após validação humana do produto;sim (produto e condição);não;R-699
702;811;28272010-200033-VI-66;28272010;200033;66;Anexo VI item 26 (2827.20.10);lista (1 descrição(ões): Cloreto de cálcio);conflito;CONFLITO_PLANILHA_FONTE;FUNDAMENTO_A_REVISAR VIGENCIA_AMBIGUA CONDICAO_NAO_VERIFICAVEL_NO_XML;"F1 e F2 associam a NCM ao item 26 (Cloreto de cálcio); a regra (planilha) traz o item 66.";"parcial (código e anexo; item não)";não;sim (resolver divergência e produto);item da planilha como fundamento;R-702
703;812;28272090-200033-VI-66;28272090;200033;66;Anexo VI item 26 (2827.20.90);lista (1 descrição(ões): Cloreto de cálcio);conflito;CONFLITO_PLANILHA_FONTE;FUNDAMENTO_A_REVISAR VIGENCIA_AMBIGUA CONDICAO_NAO_VERIFICAVEL_NO_XML;"F1 e F2 associam a NCM ao item 26 (Cloreto de cálcio); a regra (planilha) traz o item 66.";"parcial (código e anexo; item não)";não;sim (resolver divergência e produto);item da planilha como fundamento;R-703
704;813;28273110-200033-VI-66;28273110;200033;66;Anexo VI item 27 (2827.31.10);lista (1 descrição(ões): Cloreto de magnésio);conflito;CONFLITO_PLANILHA_FONTE;FUNDAMENTO_A_REVISAR VIGENCIA_AMBIGUA CONDICAO_NAO_VERIFICAVEL_NO_XML;"F1 e F2 associam a NCM ao item 27 (Cloreto de magnésio); a regra (planilha) traz o item 66.";"parcial (código e anexo; item não)";não;sim (resolver divergência e produto);item da planilha como fundamento;R-704
705;814;28273190-200033-VI-66;28273190;200033;66;Anexo VI item 27 (2827.31.90);lista (1 descrição(ões): Cloreto de magnésio);conflito;CONFLITO_PLANILHA_FONTE;FUNDAMENTO_A_REVISAR VIGENCIA_AMBIGUA CONDICAO_NAO_VERIFICAVEL_NO_XML;"F1 e F2 associam a NCM ao item 27 (Cloreto de magnésio); a regra (planilha) traz o item 66.";"parcial (código e anexo; item não)";não;sim (resolver divergência e produto);item da planilha como fundamento;R-705
706;815;28273993-200033-VI-25;28273993;200033;25;Anexo VI item 25 (2827.39.93);lista (1 descrição(ões): Cloreto crômico);inequivoco;NORMA_CONFIRMADA;FUNDAMENTO_A_REVISAR VIGENCIA_AMBIGUA CONDICAO_NAO_VERIFICAVEL_NO_XML;"F1 e F2 associam a NCM ao item 25 (Cloreto crômico); o item da regra coincide.";sim;só após validação humana do produto;sim (produto e condição);não;R-706
707;816;28273995-200033-VI-66;28273995;200033;66;Anexo VI item 28 (2827.39.95);lista (1 descrição(ões): Cloreto de manganês);conflito;CONFLITO_PLANILHA_FONTE;FUNDAMENTO_A_REVISAR VIGENCIA_AMBIGUA CONDICAO_NAO_VERIFICAVEL_NO_XML;"F1 e F2 associam a NCM ao item 28 (Cloreto de manganês); a regra (planilha) traz o item 66.";"parcial (código e anexo; item não)";não;sim (resolver divergência e produto);item da planilha como fundamento;R-707
708;817;28273998-200033-VI-31;28273998;200033;31;Anexo VI item 31 (2827.39.98);lista (1 descrição(ões): Cloreto de zinco);inequivoco;NORMA_CONFIRMADA;FUNDAMENTO_A_REVISAR VIGENCIA_AMBIGUA CONDICAO_NAO_VERIFICAVEL_NO_XML;"F1 e F2 associam a NCM ao item 31 (Cloreto de zinco); o item da regra coincide.";sim;só após validação humana do produto;sim (produto e condição);não;R-708
709;818;28276012-200033-VI-61;28276012;200033;61;Anexo VI item 61 (2827.60.12);lista (1 descrição(ões): Iodeto de potássio);inequivoco;NORMA_CONFIRMADA;FUNDAMENTO_A_REVISAR VIGENCIA_AMBIGUA CONDICAO_NAO_VERIFICAVEL_NO_XML;"F1 e F2 associam a NCM ao item 61 (Iodeto de potássio); o item da regra coincide.";sim;só após validação humana do produto;sim (produto e condição);não;R-709
710;819;28332100-200033-VI-75;28332100;200033;75;Anexo VI item 75 (2833.21.00);lista (1 descrição(ões): Sulfato de magnésio);inequivoco;NORMA_CONFIRMADA;FUNDAMENTO_A_REVISAR VIGENCIA_AMBIGUA CONDICAO_NAO_VERIFICAVEL_NO_XML;"F1 e F2 associam a NCM ao item 75 (Sulfato de magnésio); o item da regra coincide.";sim;só após validação humana do produto;sim (produto e condição);não;R-710
711;820;28332970-200033-VI-76;28332970;200033;76;Anexo VI item 76 (2833.29.70);lista (1 descrição(ões): Sulfato de zinco);inequivoco;NORMA_CONFIRMADA;FUNDAMENTO_A_REVISAR VIGENCIA_AMBIGUA CONDICAO_NAO_VERIFICAVEL_NO_XML;"F1 e F2 associam a NCM ao item 76 (Sulfato de zinco); o item da regra coincide.";sim;só após validação humana do produto;sim (produto e condição);não;R-711
712;821;28352200-200033-VI-51;28352200;200033;51;Anexo VI item 51 (2835.22.00);lista (1 descrição(ões): Fosfato de sódio monobásico);inequivoco;NORMA_CONFIRMADA;FUNDAMENTO_A_REVISAR VIGENCIA_AMBIGUA CONDICAO_NAO_VERIFICAVEL_NO_XML;"F1 e F2 associam a NCM ao item 51 (Fosfato de sódio monobásico); o item da regra coincide.";sim;só após validação humana do produto;sim (produto e condição);não;R-712
713;822;28352400-200033-VI-49;28352400;200033;49;Anexo VI item 49 (2835.24.00) + Anexo VI item 50 (2835.24.00);lista (2 descrição(ões): Fosfato de potássio monobásico / Fosfato de potássio dibásico);ambiguo;NORMA_POSSIVEL_MULTIPLOS_ITENS;FUNDAMENTO_A_REVISAR VIGENCIA_AMBIGUA DEPENDE_COMPOSICAO_PRODUTO CONDICAO_NAO_VERIFICAVEL_NO_XML;"A NCM é coberta pelos itens 49, 50; o item da regra (49) está entre eles; o item depende da composição do produto.";"parcial (código e anexo; item não)";não;sim (escolha do item e produto);escolha automática do item;R-713
714;823;28352400-200033-VI-50;28352400;200033;50;Anexo VI item 49 (2835.24.00) + Anexo VI item 50 (2835.24.00);lista (2 descrição(ões): Fosfato de potássio monobásico / Fosfato de potássio dibásico);ambiguo;NORMA_POSSIVEL_MULTIPLOS_ITENS;FUNDAMENTO_A_REVISAR VIGENCIA_AMBIGUA DEPENDE_COMPOSICAO_PRODUTO CONDICAO_NAO_VERIFICAVEL_NO_XML;"A NCM é coberta pelos itens 49, 50; o item da regra (50) está entre eles; o item depende da composição do produto.";"parcial (código e anexo; item não)";não;sim (escolha do item e produto);escolha automática do item;R-714
717;826;28363000-200033-VI-21;28363000;200033;21;Anexo VI item 21 (2836.30.00);lista (1 descrição(ões): Bicarbonato de sódio);inequivoco;NORMA_CONFIRMADA;FUNDAMENTO_A_REVISAR VIGENCIA_AMBIGUA CONDICAO_NAO_VERIFICAVEL_NO_XML;"F1 e F2 associam a NCM ao item 21 (Bicarbonato de sódio); o item da regra coincide.";sim;só após validação humana do produto;sim (produto e condição);não;R-717
720;829;28429000-200033-VI-72;28429000;200033;72;Anexo VI item 72 (2842.90.00);lista (1 descrição(ões): Selenito de sódio);inequivoco;NORMA_CONFIRMADA;FUNDAMENTO_A_REVISAR VIGENCIA_AMBIGUA CONDICAO_NAO_VERIFICAVEL_NO_XML;"F1 e F2 associam a NCM ao item 72 (Selenito de sódio); o item da regra coincide.";sim;só após validação humana do produto;sim (produto e condição);não;R-720
722;831;29054400-200033-VI-74;29054400;200033;74;Anexo VI item 74 (2905.44.00);lista (1 descrição(ões): Sorbitol);inequivoco;NORMA_CONFIRMADA;FUNDAMENTO_A_REVISAR VIGENCIA_AMBIGUA CONDICAO_NAO_VERIFICAVEL_NO_XML;"F1 e F2 associam a NCM ao item 74 (Sorbitol); o item da regra coincide.";sim;só após validação humana do produto;sim (produto e condição);não;R-722
724;833;29152100-200033-VI-7;29152100;200033;7;Anexo VI item 7 (2915.21.00);lista (1 descrição(ões): Ácido acético);inequivoco;NORMA_CONFIRMADA;FUNDAMENTO_A_REVISAR VIGENCIA_AMBIGUA CONDICAO_NAO_VERIFICAVEL_NO_XML NCM_EM_OUTROS_CODIGOS;"F1 e F2 associam a NCM ao item 7 (Ácido acético); o item da regra coincide.";sim;só após validação humana do produto;sim (produto e condição);não;R-724
725;834;29152910-200033-VI-4;29152910;200033;4;Anexo VI item 4 (2915.29.10);lista (1 descrição(ões): Acetato de sódio);inequivoco;NORMA_CONFIRMADA;FUNDAMENTO_A_REVISAR VIGENCIA_AMBIGUA CONDICAO_NAO_VERIFICAVEL_NO_XML;"F1 e F2 associam a NCM ao item 4 (Acetato de sódio); o item da regra coincide.";sim;só após validação humana do produto;sim (produto e condição);não;R-725
726;835;29152990-200033-VI-3;29152990;200033;3;Anexo VI item 3 (2915.29.90) + Anexo VI item 5 (2915.29.90);lista (2 descrição(ões): Acetato de zinco / Acetato de potássio);ambiguo;NORMA_POSSIVEL_MULTIPLOS_ITENS;FUNDAMENTO_A_REVISAR VIGENCIA_AMBIGUA DEPENDE_COMPOSICAO_PRODUTO CONDICAO_NAO_VERIFICAVEL_NO_XML;"A NCM é coberta pelos itens 3, 5; o item da regra (3) está entre eles; o item depende da composição do produto.";"parcial (código e anexo; item não)";não;sim (escolha do item e produto);escolha automática do item;R-726
727;836;29152990-200033-VI-5;29152990;200033;5;Anexo VI item 3 (2915.29.90) + Anexo VI item 5 (2915.29.90);lista (2 descrição(ões): Acetato de zinco / Acetato de potássio);ambiguo;NORMA_POSSIVEL_MULTIPLOS_ITENS;FUNDAMENTO_A_REVISAR VIGENCIA_AMBIGUA DEPENDE_COMPOSICAO_PRODUTO CONDICAO_NAO_VERIFICAVEL_NO_XML;"A NCM é coberta pelos itens 3, 5; o item da regra (5) está entre eles; o item depende da composição do produto.";"parcial (código e anexo; item não)";não;sim (escolha do item e produto);escolha automática do item;R-727
728;837;29181400-200033-VI-10;29181400;200033;10;Anexo VI item 10 (2918.14.00);lista (1 descrição(ões): Ácido cítrico);inequivoco;NORMA_CONFIRMADA;FUNDAMENTO_A_REVISAR VIGENCIA_AMBIGUA CONDICAO_NAO_VERIFICAVEL_NO_XML;"F1 e F2 associam a NCM ao item 10 (Ácido cítrico); o item da regra coincide.";sim;só após validação humana do produto;sim (produto e condição);não;R-728
729;838;29181610-200033-VI-57;29181610;200033;57;Anexo VI item 57 (2918.16.10);lista (1 descrição(ões): Gliconato de cálcio);inequivoco;NORMA_CONFIRMADA;FUNDAMENTO_A_REVISAR VIGENCIA_AMBIGUA CONDICAO_NAO_VERIFICAVEL_NO_XML;"F1 e F2 associam a NCM ao item 57 (Gliconato de cálcio); o item da regra coincide.";sim;só após validação humana do produto;sim (produto e condição);não;R-729
730;839;29181990-200033-VI-13;29181990;200033;13;Anexo VI item 13 (2918.19.90);lista (1 descrição(ões): Ácido málico);inequivoco;NORMA_CONFIRMADA;FUNDAMENTO_A_REVISAR VIGENCIA_AMBIGUA CONDICAO_NAO_VERIFICAVEL_NO_XML;"F1 e F2 associam a NCM ao item 13 (Ácido málico); o item da regra coincide.";sim;só após validação humana do produto;sim (produto e condição);não;R-730
731;840;29199090-200033-VI-55;29199090;200033;55;Anexo VI item 55 (2919.90.90);lista (1 descrição(ões): Glicerofosfato de sódio);inequivoco;NORMA_CONFIRMADA;FUNDAMENTO_A_REVISAR VIGENCIA_AMBIGUA CONDICAO_NAO_VERIFICAVEL_NO_XML;"F1 e F2 associam a NCM ao item 55 (Glicerofosfato de sódio); o item da regra coincide.";sim;só após validação humana do produto;sim (produto e condição);não;R-731
733;842;29224110-200033-VI-66;29224110;200033;66;Anexo VI item 66 (2922.41.10);lista (1 descrição(ões): Lisina);inequivoco;NORMA_CONFIRMADA;FUNDAMENTO_A_REVISAR VIGENCIA_AMBIGUA CONDICAO_NAO_VERIFICAVEL_NO_XML NCM_EM_OUTROS_CODIGOS;"F1 e F2 associam a NCM ao item 66 (Lisina); o item da regra coincide.";sim;só após validação humana do produto;sim (produto e condição);não;R-733
735;844;29224190-200033-VI-2;29224190;200033;2;Anexo VI item 2 (2922.41.90);lista (1 descrição(ões): Acetato de lisina);inequivoco;NORMA_CONFIRMADA;FUNDAMENTO_A_REVISAR VIGENCIA_AMBIGUA CONDICAO_NAO_VERIFICAVEL_NO_XML NCM_EM_OUTROS_CODIGOS;"F1 e F2 associam a NCM ao item 2 (Acetato de lisina); o item da regra coincide.";sim;só após validação humana do produto;sim (produto e condição);não;R-735
737;846;29224210-200033-VI-12;29224210;200033;12;Anexo VI item 12 (2922.42.10);lista (1 descrição(ões): Ácido glutâmico);inequivoco;NORMA_CONFIRMADA;FUNDAMENTO_A_REVISAR VIGENCIA_AMBIGUA CONDICAO_NAO_VERIFICAVEL_NO_XML NCM_EM_OUTROS_CODIGOS;"F1 e F2 associam a NCM ao item 12 (Ácido glutâmico); o item da regra coincide.";sim;só após validação humana do produto;sim (produto e condição);não;R-737
743;852;29224910-200033-VI-56;29224910;200033;56;Anexo VI item 56 (2922.49.10);lista (1 descrição(ões): Glicina);inequivoco;NORMA_CONFIRMADA;FUNDAMENTO_A_REVISAR VIGENCIA_AMBIGUA CONDICAO_NAO_VERIFICAVEL_NO_XML NCM_EM_OUTROS_CODIGOS;"F1 e F2 associam a NCM ao item 56 (Glicina); o item da regra coincide.";sim;só após validação humana do produto;sim (produto e condição);não;R-743
757;866;29224990-200033-VI-16;29224990;200033;16;Anexo VI item 9 (2922.49.90) + Anexo VI item 16 (2922.49.90) + Anexo VI item 17 (2922.49.90) + Anexo VI item 20 (2922.49.90) + Anexo VI item 37 (2922.49.90) + Anexo VI item 62 (2922.49.90) + Anexo VI item 64 (2922.49.90) + Anexo VI item 65 (2922.49.90) + Anexo VI item 70 (2922.49.90) + Anexo VI item 77 (2922.49.90);lista (10 descrição(ões): Asparagina / Alanina / Alanilglutamina / Ácido aspártico / Taurina / Prolina / Levovalina / Leucina / Isoleucina / Fenilalanina);ambiguo;NORMA_POSSIVEL_MULTIPLOS_ITENS;FUNDAMENTO_A_REVISAR VIGENCIA_AMBIGUA DEPENDE_COMPOSICAO_PRODUTO CONDICAO_NAO_VERIFICAVEL_NO_XML NCM_EM_OUTROS_CODIGOS;"A NCM é coberta pelos itens 9, 16, 17, 20, 37, 62, 64, 65, 70, 77; o item da regra (16) está entre eles; o item depende da composição do produto.";"parcial (código e anexo; item não)";não;sim (escolha do item e produto);escolha automática do item;R-757
758;867;29224990-200033-VI-17;29224990;200033;17;Anexo VI item 9 (2922.49.90) + Anexo VI item 16 (2922.49.90) + Anexo VI item 17 (2922.49.90) + Anexo VI item 20 (2922.49.90) + Anexo VI item 37 (2922.49.90) + Anexo VI item 62 (2922.49.90) + Anexo VI item 64 (2922.49.90) + Anexo VI item 65 (2922.49.90) + Anexo VI item 70 (2922.49.90) + Anexo VI item 77 (2922.49.90);lista (10 descrição(ões): Asparagina / Alanina / Alanilglutamina / Ácido aspártico / Taurina / Prolina / Levovalina / Leucina / Isoleucina / Fenilalanina);ambiguo;NORMA_POSSIVEL_MULTIPLOS_ITENS;FUNDAMENTO_A_REVISAR VIGENCIA_AMBIGUA DEPENDE_COMPOSICAO_PRODUTO CONDICAO_NAO_VERIFICAVEL_NO_XML NCM_EM_OUTROS_CODIGOS;"A NCM é coberta pelos itens 9, 16, 17, 20, 37, 62, 64, 65, 70, 77; o item da regra (17) está entre eles; o item depende da composição do produto.";"parcial (código e anexo; item não)";não;sim (escolha do item e produto);escolha automática do item;R-758
759;868;29224990-200033-VI-20;29224990;200033;20;Anexo VI item 9 (2922.49.90) + Anexo VI item 16 (2922.49.90) + Anexo VI item 17 (2922.49.90) + Anexo VI item 20 (2922.49.90) + Anexo VI item 37 (2922.49.90) + Anexo VI item 62 (2922.49.90) + Anexo VI item 64 (2922.49.90) + Anexo VI item 65 (2922.49.90) + Anexo VI item 70 (2922.49.90) + Anexo VI item 77 (2922.49.90);lista (10 descrição(ões): Asparagina / Alanina / Alanilglutamina / Ácido aspártico / Taurina / Prolina / Levovalina / Leucina / Isoleucina / Fenilalanina);ambiguo;NORMA_POSSIVEL_MULTIPLOS_ITENS;FUNDAMENTO_A_REVISAR VIGENCIA_AMBIGUA DEPENDE_COMPOSICAO_PRODUTO CONDICAO_NAO_VERIFICAVEL_NO_XML NCM_EM_OUTROS_CODIGOS;"A NCM é coberta pelos itens 9, 16, 17, 20, 37, 62, 64, 65, 70, 77; o item da regra (20) está entre eles; o item depende da composição do produto.";"parcial (código e anexo; item não)";não;sim (escolha do item e produto);escolha automática do item;R-759
760;869;29224990-200033-VI-37;29224990;200033;37;Anexo VI item 9 (2922.49.90) + Anexo VI item 16 (2922.49.90) + Anexo VI item 17 (2922.49.90) + Anexo VI item 20 (2922.49.90) + Anexo VI item 37 (2922.49.90) + Anexo VI item 62 (2922.49.90) + Anexo VI item 64 (2922.49.90) + Anexo VI item 65 (2922.49.90) + Anexo VI item 70 (2922.49.90) + Anexo VI item 77 (2922.49.90);lista (10 descrição(ões): Asparagina / Alanina / Alanilglutamina / Ácido aspártico / Taurina / Prolina / Levovalina / Leucina / Isoleucina / Fenilalanina);ambiguo;NORMA_POSSIVEL_MULTIPLOS_ITENS;FUNDAMENTO_A_REVISAR VIGENCIA_AMBIGUA DEPENDE_COMPOSICAO_PRODUTO CONDICAO_NAO_VERIFICAVEL_NO_XML NCM_EM_OUTROS_CODIGOS;"A NCM é coberta pelos itens 9, 16, 17, 20, 37, 62, 64, 65, 70, 77; o item da regra (37) está entre eles; o item depende da composição do produto.";"parcial (código e anexo; item não)";não;sim (escolha do item e produto);escolha automática do item;R-760
761;870;29224990-200033-VI-62;29224990;200033;62;Anexo VI item 9 (2922.49.90) + Anexo VI item 16 (2922.49.90) + Anexo VI item 17 (2922.49.90) + Anexo VI item 20 (2922.49.90) + Anexo VI item 37 (2922.49.90) + Anexo VI item 62 (2922.49.90) + Anexo VI item 64 (2922.49.90) + Anexo VI item 65 (2922.49.90) + Anexo VI item 70 (2922.49.90) + Anexo VI item 77 (2922.49.90);lista (10 descrição(ões): Asparagina / Alanina / Alanilglutamina / Ácido aspártico / Taurina / Prolina / Levovalina / Leucina / Isoleucina / Fenilalanina);ambiguo;NORMA_POSSIVEL_MULTIPLOS_ITENS;FUNDAMENTO_A_REVISAR VIGENCIA_AMBIGUA DEPENDE_COMPOSICAO_PRODUTO CONDICAO_NAO_VERIFICAVEL_NO_XML NCM_EM_OUTROS_CODIGOS;"A NCM é coberta pelos itens 9, 16, 17, 20, 37, 62, 64, 65, 70, 77; o item da regra (62) está entre eles; o item depende da composição do produto.";"parcial (código e anexo; item não)";não;sim (escolha do item e produto);escolha automática do item;R-761
762;871;29224990-200033-VI-64;29224990;200033;64;Anexo VI item 9 (2922.49.90) + Anexo VI item 16 (2922.49.90) + Anexo VI item 17 (2922.49.90) + Anexo VI item 20 (2922.49.90) + Anexo VI item 37 (2922.49.90) + Anexo VI item 62 (2922.49.90) + Anexo VI item 64 (2922.49.90) + Anexo VI item 65 (2922.49.90) + Anexo VI item 70 (2922.49.90) + Anexo VI item 77 (2922.49.90);lista (10 descrição(ões): Asparagina / Alanina / Alanilglutamina / Ácido aspártico / Taurina / Prolina / Levovalina / Leucina / Isoleucina / Fenilalanina);ambiguo;NORMA_POSSIVEL_MULTIPLOS_ITENS;FUNDAMENTO_A_REVISAR VIGENCIA_AMBIGUA DEPENDE_COMPOSICAO_PRODUTO CONDICAO_NAO_VERIFICAVEL_NO_XML NCM_EM_OUTROS_CODIGOS;"A NCM é coberta pelos itens 9, 16, 17, 20, 37, 62, 64, 65, 70, 77; o item da regra (64) está entre eles; o item depende da composição do produto.";"parcial (código e anexo; item não)";não;sim (escolha do item e produto);escolha automática do item;R-762
763;872;29224990-200033-VI-65;29224990;200033;65;Anexo VI item 9 (2922.49.90) + Anexo VI item 16 (2922.49.90) + Anexo VI item 17 (2922.49.90) + Anexo VI item 20 (2922.49.90) + Anexo VI item 37 (2922.49.90) + Anexo VI item 62 (2922.49.90) + Anexo VI item 64 (2922.49.90) + Anexo VI item 65 (2922.49.90) + Anexo VI item 70 (2922.49.90) + Anexo VI item 77 (2922.49.90);lista (10 descrição(ões): Asparagina / Alanina / Alanilglutamina / Ácido aspártico / Taurina / Prolina / Levovalina / Leucina / Isoleucina / Fenilalanina);ambiguo;NORMA_POSSIVEL_MULTIPLOS_ITENS;FUNDAMENTO_A_REVISAR VIGENCIA_AMBIGUA DEPENDE_COMPOSICAO_PRODUTO CONDICAO_NAO_VERIFICAVEL_NO_XML NCM_EM_OUTROS_CODIGOS;"A NCM é coberta pelos itens 9, 16, 17, 20, 37, 62, 64, 65, 70, 77; o item da regra (65) está entre eles; o item depende da composição do produto.";"parcial (código e anexo; item não)";não;sim (escolha do item e produto);escolha automática do item;R-763
764;873;29224990-200033-VI-70;29224990;200033;70;Anexo VI item 9 (2922.49.90) + Anexo VI item 16 (2922.49.90) + Anexo VI item 17 (2922.49.90) + Anexo VI item 20 (2922.49.90) + Anexo VI item 37 (2922.49.90) + Anexo VI item 62 (2922.49.90) + Anexo VI item 64 (2922.49.90) + Anexo VI item 65 (2922.49.90) + Anexo VI item 70 (2922.49.90) + Anexo VI item 77 (2922.49.90);lista (10 descrição(ões): Asparagina / Alanina / Alanilglutamina / Ácido aspártico / Taurina / Prolina / Levovalina / Leucina / Isoleucina / Fenilalanina);ambiguo;NORMA_POSSIVEL_MULTIPLOS_ITENS;FUNDAMENTO_A_REVISAR VIGENCIA_AMBIGUA DEPENDE_COMPOSICAO_PRODUTO CONDICAO_NAO_VERIFICAVEL_NO_XML NCM_EM_OUTROS_CODIGOS;"A NCM é coberta pelos itens 9, 16, 17, 20, 37, 62, 64, 65, 70, 77; o item da regra (70) está entre eles; o item depende da composição do produto.";"parcial (código e anexo; item não)";não;sim (escolha do item e produto);escolha automática do item;R-764
765;874;29224990-200033-VI-77;29224990;200033;77;Anexo VI item 9 (2922.49.90) + Anexo VI item 16 (2922.49.90) + Anexo VI item 17 (2922.49.90) + Anexo VI item 20 (2922.49.90) + Anexo VI item 37 (2922.49.90) + Anexo VI item 62 (2922.49.90) + Anexo VI item 64 (2922.49.90) + Anexo VI item 65 (2922.49.90) + Anexo VI item 70 (2922.49.90) + Anexo VI item 77 (2922.49.90);lista (10 descrição(ões): Asparagina / Alanina / Alanilglutamina / Ácido aspártico / Taurina / Prolina / Levovalina / Leucina / Isoleucina / Fenilalanina);ambiguo;NORMA_POSSIVEL_MULTIPLOS_ITENS;FUNDAMENTO_A_REVISAR VIGENCIA_AMBIGUA DEPENDE_COMPOSICAO_PRODUTO CONDICAO_NAO_VERIFICAVEL_NO_XML NCM_EM_OUTROS_CODIGOS;"A NCM é coberta pelos itens 9, 16, 17, 20, 37, 62, 64, 65, 70, 77; o item da regra (77) está entre eles; o item depende da composição do produto.";"parcial (código e anexo; item não)";não;sim (escolha do item e produto);escolha automática do item;R-765
766;875;29224990-200033-VI-9;29224990;200033;9;Anexo VI item 9 (2922.49.90) + Anexo VI item 16 (2922.49.90) + Anexo VI item 17 (2922.49.90) + Anexo VI item 20 (2922.49.90) + Anexo VI item 37 (2922.49.90) + Anexo VI item 62 (2922.49.90) + Anexo VI item 64 (2922.49.90) + Anexo VI item 65 (2922.49.90) + Anexo VI item 70 (2922.49.90) + Anexo VI item 77 (2922.49.90);lista (10 descrição(ões): Asparagina / Alanina / Alanilglutamina / Ácido aspártico / Taurina / Prolina / Levovalina / Leucina / Isoleucina / Fenilalanina);ambiguo;NORMA_POSSIVEL_MULTIPLOS_ITENS;FUNDAMENTO_A_REVISAR VIGENCIA_AMBIGUA DEPENDE_COMPOSICAO_PRODUTO CONDICAO_NAO_VERIFICAVEL_NO_XML NCM_EM_OUTROS_CODIGOS;"A NCM é coberta pelos itens 9, 16, 17, 20, 37, 62, 64, 65, 70, 77; o item da regra (9) está entre eles; o item depende da composição do produto.";"parcial (código e anexo; item não)";não;sim (escolha do item e produto);escolha automática do item;R-766
767;876;29225039-200033-VI-6;29225039;200033;6;Anexo VI item 6 (2922.50.39) + Anexo VI item 78 (2922.50.39);lista (2 descrição(ões): Acetiltirosina / Tirosina);ambiguo;NORMA_POSSIVEL_MULTIPLOS_ITENS;FUNDAMENTO_A_REVISAR VIGENCIA_AMBIGUA DEPENDE_COMPOSICAO_PRODUTO CONDICAO_NAO_VERIFICAVEL_NO_XML;"A NCM é coberta pelos itens 6, 78; o item da regra (6) está entre eles; o item depende da composição do produto.";"parcial (código e anexo; item não)";não;sim (escolha do item e produto);escolha automática do item;R-767
768;877;29225039-200033-VI-78;29225039;200033;78;Anexo VI item 6 (2922.50.39) + Anexo VI item 78 (2922.50.39);lista (2 descrição(ões): Acetiltirosina / Tirosina);ambiguo;NORMA_POSSIVEL_MULTIPLOS_ITENS;FUNDAMENTO_A_REVISAR VIGENCIA_AMBIGUA DEPENDE_COMPOSICAO_PRODUTO CONDICAO_NAO_VERIFICAVEL_NO_XML;"A NCM é coberta pelos itens 6, 78; o item da regra (78) está entre eles; o item depende da composição do produto.";"parcial (código e anexo; item não)";não;sim (escolha do item e produto);escolha automática do item;R-768
769;878;29225099-200033-VI-73;29225099;200033;73;Anexo VI item 73 (2922.50.99) + Anexo VI item 80 (2922.50.99);lista (2 descrição(ões): Treonina / Serina);ambiguo;NORMA_POSSIVEL_MULTIPLOS_ITENS;FUNDAMENTO_A_REVISAR VIGENCIA_AMBIGUA DEPENDE_COMPOSICAO_PRODUTO CONDICAO_NAO_VERIFICAVEL_NO_XML;"A NCM é coberta pelos itens 73, 80; o item da regra (73) está entre eles; o item depende da composição do produto.";"parcial (código e anexo; item não)";não;sim (escolha do item e produto);escolha automática do item;R-769
770;879;29225099-200033-VI-80;29225099;200033;80;Anexo VI item 73 (2922.50.99) + Anexo VI item 80 (2922.50.99);lista (2 descrição(ões): Treonina / Serina);ambiguo;NORMA_POSSIVEL_MULTIPLOS_ITENS;FUNDAMENTO_A_REVISAR VIGENCIA_AMBIGUA DEPENDE_COMPOSICAO_PRODUTO CONDICAO_NAO_VERIFICAVEL_NO_XML;"A NCM é coberta pelos itens 73, 80; o item da regra (80) está entre eles; o item depende da composição do produto.";"parcial (código e anexo; item não)";não;sim (escolha do item e produto);escolha automática do item;R-770
771;880;29232000-200033-VI-63;29232000;200033;63;Anexo VI item 63 (2923.20.00);lista (1 descrição(ões): Lecitina de ovo);inequivoco;NORMA_CONFIRMADA;FUNDAMENTO_A_REVISAR VIGENCIA_AMBIGUA CONDICAO_NAO_VERIFICAVEL_NO_XML;"F1 e F2 associam a NCM ao item 63 (Lecitina de ovo); o item da regra coincide.";sim;só após validação humana do produto;sim (produto e condição);não;R-771
772;881;29252919-200033-VI-19;29252919;200033;19;Anexo VI item 19 (2925.29.19);lista (1 descrição(ões): Arginina);inequivoco;NORMA_CONFIRMADA;FUNDAMENTO_A_REVISAR VIGENCIA_AMBIGUA CONDICAO_NAO_VERIFICAVEL_NO_XML;"F1 e F2 associam a NCM ao item 19 (Arginina); o item da regra coincide.";sim;só após validação humana do produto;sim (produto e condição);não;R-772
775;884;29304010-200033-VI-66;29304010;200033;66;Anexo VI item 67 (2930.40.10);lista (1 descrição(ões): Metionina);conflito;CONFLITO_PLANILHA_FONTE;FUNDAMENTO_A_REVISAR VIGENCIA_AMBIGUA CONDICAO_NAO_VERIFICAVEL_NO_XML NCM_EM_OUTROS_CODIGOS;"F1 e F2 associam a NCM ao item 67 (Metionina); a regra (planilha) traz o item 66.";"parcial (código e anexo; item não)";não;sim (resolver divergência e produto);item da planilha como fundamento;R-775
778;887;29304090-200033-VI-81;29304090;200033;81;Anexo VI item 67 (2930.40.90);lista (1 descrição(ões): Metionina);conflito;CONFLITO_PLANILHA_FONTE;FUNDAMENTO_A_REVISAR VIGENCIA_AMBIGUA CONDICAO_NAO_VERIFICAVEL_NO_XML NCM_EM_OUTROS_CODIGOS;"F1 e F2 associam a NCM ao item 67 (Metionina); a regra (planilha) traz o item 81.";"parcial (código e anexo; item não)";não;sim (resolver divergência e produto);item da planilha como fundamento;R-778
779;888;29309039-200033-VI-24;29309039;200033;24;Anexo VI item 24 (2930.90.39);lista (1 descrição(ões): Cistina);inequivoco;NORMA_CONFIRMADA;FUNDAMENTO_A_REVISAR VIGENCIA_AMBIGUA CONDICAO_NAO_VERIFICAVEL_NO_XML;"F1 e F2 associam a NCM ao item 24 (Cistina); o item da regra coincide.";sim;só após validação humana do produto;sim (produto e condição);não;R-779
780;889;29332992-200033-VI-59;29332992;200033;59;Anexo VI item 59 (2933.29.92);lista (1 descrição(ões): Histidina);inequivoco;NORMA_CONFIRMADA;FUNDAMENTO_A_REVISAR VIGENCIA_AMBIGUA CONDICAO_NAO_VERIFICAVEL_NO_XML;"F1 e F2 associam a NCM ao item 59 (Histidina); o item da regra coincide.";sim;só após validação humana do produto;sim (produto e condição);não;R-780
781;890;29362113-200033-VI-69;29362113;200033;69;Anexo VI item 69 (2936.21.13);lista (1 descrição(ões): Palmitato de retinol);inequivoco;NORMA_CONFIRMADA;FUNDAMENTO_A_REVISAR VIGENCIA_AMBIGUA CONDICAO_NAO_VERIFICAVEL_NO_XML;"F1 e F2 associam a NCM ao item 69 (Palmitato de retinol); o item da regra coincide.";sim;só após validação humana do produto;sim (produto e condição);não;R-781
782;891;29362210-200033-VI-33;29362210;200033;33;Anexo VI item 33 (2936.22.10);lista (1 descrição(ões): Cloridrato de tiamina);inequivoco;NORMA_CONFIRMADA;FUNDAMENTO_A_REVISAR VIGENCIA_AMBIGUA CONDICAO_NAO_VERIFICAVEL_NO_XML;"F1 e F2 associam a NCM ao item 33 (Cloridrato de tiamina); o item da regra coincide.";sim;só após validação humana do produto;sim (produto e condição);não;R-782
783;892;29362290-200033-VI-34;29362290;200033;34;Anexo VI item 34 (2936.22.90) + Anexo VI item 52 (2936.22.90);lista (2 descrição(ões): Fosfato de tiamina / Cocarboxilase);ambiguo;NORMA_POSSIVEL_MULTIPLOS_ITENS;FUNDAMENTO_A_REVISAR VIGENCIA_AMBIGUA DEPENDE_COMPOSICAO_PRODUTO CONDICAO_NAO_VERIFICAVEL_NO_XML;"A NCM é coberta pelos itens 34, 52; o item da regra (34) está entre eles; o item depende da composição do produto.";"parcial (código e anexo; item não)";não;sim (escolha do item e produto);escolha automática do item;R-783
784;893;29362290-200033-VI-52;29362290;200033;52;Anexo VI item 34 (2936.22.90) + Anexo VI item 52 (2936.22.90);lista (2 descrição(ões): Fosfato de tiamina / Cocarboxilase);ambiguo;NORMA_POSSIVEL_MULTIPLOS_ITENS;FUNDAMENTO_A_REVISAR VIGENCIA_AMBIGUA DEPENDE_COMPOSICAO_PRODUTO CONDICAO_NAO_VERIFICAVEL_NO_XML;"A NCM é coberta pelos itens 34, 52; o item da regra (52) está entre eles; o item depende da composição do produto.";"parcial (código e anexo; item não)";não;sim (escolha do item e produto);escolha automática do item;R-784
785;894;29362310-200033-VI-71;29362310;200033;71;Anexo VI item 71 (2936.23.10);lista (1 descrição(ões): Riboflavina);inequivoco;NORMA_CONFIRMADA;FUNDAMENTO_A_REVISAR VIGENCIA_AMBIGUA CONDICAO_NAO_VERIFICAVEL_NO_XML;"F1 e F2 associam a NCM ao item 71 (Riboflavina); o item da regra coincide.";sim;só após validação humana do produto;sim (produto e condição);não;R-785
786;895;29362320-200033-VI-53;29362320;200033;53;Anexo VI item 53 (2936.23.20);lista (1 descrição(ões): Fosfato sódico de riboflavina);inequivoco;NORMA_CONFIRMADA;FUNDAMENTO_A_REVISAR VIGENCIA_AMBIGUA CONDICAO_NAO_VERIFICAVEL_NO_XML;"F1 e F2 associam a NCM ao item 53 (Fosfato sódico de riboflavina); o item da regra coincide.";sim;só após validação humana do produto;sim (produto e condição);não;R-786
787;896;29362520-200033-VI-32;29362520;200033;32;Anexo VI item 32 (2936.25.20);lista (1 descrição(ões): Cloridrato de piridoxina);inequivoco;NORMA_CONFIRMADA;FUNDAMENTO_A_REVISAR VIGENCIA_AMBIGUA CONDICAO_NAO_VERIFICAVEL_NO_XML;"F1 e F2 associam a NCM ao item 32 (Cloridrato de piridoxina); o item da regra coincide.";sim;só após validação humana do produto;sim (produto e condição);não;R-787
788;897;29362610-200033-VI-23;29362610;200033;23;Anexo VI item 23 (2936.26.10);lista (1 descrição(ões): Cianocobalamina);inequivoco;NORMA_CONFIRMADA;FUNDAMENTO_A_REVISAR VIGENCIA_AMBIGUA CONDICAO_NAO_VERIFICAVEL_NO_XML;"F1 e F2 associam a NCM ao item 23 (Cianocobalamina); o item da regra coincide.";sim;só após validação humana do produto;sim (produto e condição);não;R-788
789;898;29362710-200033-VI-8;29362710;200033;8;Anexo VI item 8 (2936.27.10);lista (1 descrição(ões): Ácido ascórbico);inequivoco;NORMA_CONFIRMADA;FUNDAMENTO_A_REVISAR VIGENCIA_AMBIGUA CONDICAO_NAO_VERIFICAVEL_NO_XML;"F1 e F2 associam a NCM ao item 8 (Ácido ascórbico); o item da regra coincide.";sim;só após validação humana do produto;sim (produto e condição);não;R-789
790;899;29362811-200033-VI-79;29362811;200033;79;Anexo VI item 79 (2936.28.11);lista (1 descrição(ões): Tocoferol);inequivoco;NORMA_CONFIRMADA;FUNDAMENTO_A_REVISAR VIGENCIA_AMBIGUA CONDICAO_NAO_VERIFICAVEL_NO_XML;"F1 e F2 associam a NCM ao item 79 (Tocoferol); o item da regra coincide.";sim;só após validação humana do produto;sim (produto e condição);não;R-790
791;900;29362812-200033-VI-1;29362812;200033;1;Anexo VI item 1 (2936.28.12);lista (1 descrição(ões): Acetato de dextroalfatocoferol);inequivoco;NORMA_CONFIRMADA;FUNDAMENTO_A_REVISAR VIGENCIA_AMBIGUA CONDICAO_NAO_VERIFICAVEL_NO_XML;"F1 e F2 associam a NCM ao item 1 (Acetato de dextroalfatocoferol); o item da regra coincide.";sim;só após validação humana do produto;sim (produto e condição);não;R-791
792;901;29362911-200033-VI-11;29362911;200033;11;Anexo VI item 11 (2936.29.11);lista (1 descrição(ões): Ácido fólico);inequivoco;NORMA_CONFIRMADA;FUNDAMENTO_A_REVISAR VIGENCIA_AMBIGUA CONDICAO_NAO_VERIFICAVEL_NO_XML;"F1 e F2 associam a NCM ao item 11 (Ácido fólico); o item da regra coincide.";sim;só após validação humana do produto;sim (produto e condição);não;R-792
793;902;29362921-200033-VI-35;29362921;200033;35;Anexo VI item 35 (2936.29.21);lista (1 descrição(ões): Colecalciferol);inequivoco;NORMA_CONFIRMADA;FUNDAMENTO_A_REVISAR VIGENCIA_AMBIGUA CONDICAO_NAO_VERIFICAVEL_NO_XML;"F1 e F2 associam a NCM ao item 35 (Colecalciferol); o item da regra coincide.";sim;só após validação humana do produto;sim (produto e condição);não;R-793
794;903;29362929-200033-VI-36;29362929;200033;36;Anexo VI item 36 (2936.29.29);lista (1 descrição(ões): Ergocalciferol);inequivoco;NORMA_CONFIRMADA;FUNDAMENTO_A_REVISAR VIGENCIA_AMBIGUA CONDICAO_NAO_VERIFICAVEL_NO_XML;"F1 e F2 associam a NCM ao item 36 (Ergocalciferol); o item da regra coincide.";sim;só após validação humana do produto;sim (produto e condição);não;R-794
795;904;29362931-200033-VI-22;29362931;200033;22;Anexo VI item 22 (2936.29.31);lista (1 descrição(ões): Biotina);inequivoco;NORMA_CONFIRMADA;FUNDAMENTO_A_REVISAR VIGENCIA_AMBIGUA CONDICAO_NAO_VERIFICAVEL_NO_XML;"F1 e F2 associam a NCM ao item 22 (Biotina); o item da regra coincide.";sim;só após validação humana do produto;sim (produto e condição);não;R-795
796;905;29362940-200033-VI-38;29362940;200033;38;Anexo VI item 38 (2936.29.40);lista (1 descrição(ões): Fitomenadiona);inequivoco;NORMA_CONFIRMADA;FUNDAMENTO_A_REVISAR VIGENCIA_AMBIGUA CONDICAO_NAO_VERIFICAVEL_NO_XML;"F1 e F2 associam a NCM ao item 38 (Fitomenadiona); o item da regra coincide.";sim;só após validação humana do produto;sim (produto e condição);não;R-796
797;906;29362952-200033-VI-68;29362952;200033;68;Anexo VI item 68 (2936.29.52);lista (1 descrição(ões): Nicotinamida);inequivoco;NORMA_CONFIRMADA;FUNDAMENTO_A_REVISAR VIGENCIA_AMBIGUA CONDICAO_NAO_VERIFICAVEL_NO_XML;"F1 e F2 associam a NCM ao item 68 (Nicotinamida); o item da regra coincide.";sim;só após validação humana do produto;sim (produto e condição);não;R-797
821;930;30021236-200033-VI-18;30021236;200033;18;Anexo VI item 18 (3002.12.36);lista (1 descrição(ões): Albumina humana);inequivoco;NORMA_CONFIRMADA;FUNDAMENTO_A_REVISAR VIGENCIA_AMBIGUA CONDICAO_NAO_VERIFICAVEL_NO_XML NCM_EM_OUTROS_CODIGOS;"F1 e F2 associam a NCM ao item 18 (Albumina humana); o item da regra coincide.";sim;só após validação humana do produto;sim (produto e condição);não;R-821
881;990;31042010-200033-VI-66;31042010;200033;66;Anexo VI item 29 (3104.20.10);lista (1 descrição(ões): Cloreto de potássio);conflito;CONFLITO_PLANILHA_FONTE;FUNDAMENTO_A_REVISAR VIGENCIA_AMBIGUA CONDICAO_NAO_VERIFICAVEL_NO_XML NCM_EM_OUTROS_CODIGOS;"F1 e F2 associam a NCM ao item 29 (Cloreto de potássio); a regra (planilha) traz o item 66.";"parcial (código e anexo; item não)";não;sim (resolver divergência e produto);item da planilha como fundamento;R-881
882;991;31042090-200033-VI-66;31042090;200033;66;Anexo VI item 29 (3104.20.90);lista (1 descrição(ões): Cloreto de potássio);conflito;CONFLITO_PLANILHA_FONTE;FUNDAMENTO_A_REVISAR VIGENCIA_AMBIGUA CONDICAO_NAO_VERIFICAVEL_NO_XML NCM_EM_OUTROS_CODIGOS;"F1 e F2 associam a NCM ao item 29 (Cloreto de potássio); a regra (planilha) traz o item 66.";"parcial (código e anexo; item não)";não;sim (resolver divergência e produto);item da planilha como fundamento;R-882
886;995;35051000-200033-VI-60;35051000;200033;60;Anexo VI item 60 (3505.10.00);lista (1 descrição(ões): Icodextrina);inequivoco;NORMA_CONFIRMADA;FUNDAMENTO_A_REVISAR VIGENCIA_AMBIGUA CONDICAO_NAO_VERIFICAVEL_NO_XML;"F1 e F2 associam a NCM ao item 60 (Icodextrina); o item da regra coincide.";sim;só após validação humana do produto;sim (produto e condição);não;R-886
651;760;21069030-200043-XI-2.10;21069030;200043;2.10;Anexo XI item 2.10 (2106.90.30);lista (1 descrição(ões): Rações operacionais);inequivoco;NORMA_CONFIRMADA;FUNDAMENTO_DIVERGENTE VIGENCIA_AMBIGUA CONDICAO_NAO_VERIFICAVEL_NO_XML;"F1 e F2 associam a NCM ao item 2.10 (Rações operacionais); o item da regra coincide.";sim;só após validação humana do produto;sim (produto e condição);não;R-651
890;999;36020000-200043-XI-2.8;36020000;200043;2.8;Anexo XI item 2.8 (3602.00.00);lista (1 descrição(ões): Explosivos de emprego militar);inequivoco;NORMA_CONFIRMADA;FUNDAMENTO_DIVERGENTE VIGENCIA_AMBIGUA CONDICAO_NAO_VERIFICAVEL_NO_XML;"F1 e F2 associam a NCM ao item 2.8 (Explosivos de emprego militar); o item da regra coincide.";sim;só após validação humana do produto;sim (produto e condição);não;R-890
952;1061;84714900-200043-XI-2.26;84714900;200043;2.26;Anexo XI item 2.26 (8471.49.00);lista (1 descrição(ões): Firewalls para a segurança da informação/cibernética);inequivoco;NORMA_CONFIRMADA;FUNDAMENTO_DIVERGENTE VIGENCIA_AMBIGUA CONDICAO_NAO_VERIFICAVEL_NO_XML;"F1 e F2 associam a NCM ao item 2.26 (Firewalls para a segurança da informação/cibernética); o item da regra coincide.";sim;só após validação humana do produto;sim (produto e condição);não;R-952
953;1062;84715090-200043-XI-2.25;84715090;200043;2.25;Anexo XI item 2.25 (8471.50.90);lista (1 descrição(ões): Equipamentos para criptografia para a segurança da informação/cibernética);inequivoco;NORMA_CONFIRMADA;FUNDAMENTO_DIVERGENTE VIGENCIA_AMBIGUA CONDICAO_NAO_VERIFICAVEL_NO_XML;"F1 e F2 associam a NCM ao item 2.25 (Equipamentos para criptografia para a segurança da informação/cibernética); o item da regra coincide.";sim;só após validação humana do produto;sim (produto e condição);não;R-953
957;1066;84719014-200043-XI-2.24;84719014;200043;2.24;Anexo XI item 2.24 (8471.90.14);lista (1 descrição(ões): Dispositivos de Autenticação (tokens, leitores biométricos) que garantam a segurança da informação/cibernética);inequivoco;NORMA_CONFIRMADA;FUNDAMENTO_DIVERGENTE VIGENCIA_AMBIGUA CONDICAO_NAO_VERIFICAVEL_NO_XML;"F1 e F2 associam a NCM ao item 2.24 (Dispositivos de Autenticação (tokens, leitores biométricos) que garantam a segurança da informação/cibernética); o item da regra coincide.";sim;só após validação humana do produto;sim (produto e condição);não;R-957
972;1081;85176234-200043-XI-2.27;85176234;200043;2.27;Anexo XI item 2.27 (8517.62.34);lista (1 descrição(ões): Switches e roteadores seguros para a segurança da informação/cibernética);inequivoco;NORMA_CONFIRMADA;FUNDAMENTO_DIVERGENTE VIGENCIA_AMBIGUA CONDICAO_NAO_VERIFICAVEL_NO_XML;"F1 e F2 associam a NCM ao item 2.27 (Switches e roteadores seguros para a segurança da informação/cibernética); o item da regra coincide.";sim;só após validação humana do produto;sim (produto e condição);não;R-972
973;1082;85176241-200043-XI-2.27;85176241;200043;2.27;Anexo XI item 2.27 (8517.62.4, por prefixo);lista (1 descrição(ões): Switches e roteadores seguros para a segurança da informação/cibernética);inequivoco;NORMA_CONFIRMADA;FUNDAMENTO_DIVERGENTE VIGENCIA_AMBIGUA CONDICAO_NAO_VERIFICAVEL_NO_XML;"F1 e F2 associam a NCM ao item 2.27 (Switches e roteadores seguros para a segurança da informação/cibernética); o item da regra coincide.";sim;só após validação humana do produto;sim (produto e condição);não;R-973
974;1083;85176249-200043-XI-2.27;85176249;200043;2.27;Anexo XI item 2.27 (8517.62.4, por prefixo);lista (1 descrição(ões): Switches e roteadores seguros para a segurança da informação/cibernética);inequivoco;NORMA_CONFIRMADA;FUNDAMENTO_DIVERGENTE VIGENCIA_AMBIGUA CONDICAO_NAO_VERIFICAVEL_NO_XML;"F1 e F2 associam a NCM ao item 2.27 (Switches e roteadores seguros para a segurança da informação/cibernética); o item da regra coincide.";sim;só após validação humana do produto;sim (produto e condição);não;R-974
975;1084;85176259-200043-XI-2.22;85176259;200043;2.22;Anexo XI item 2.22 (8517.62.59) + Anexo XI item 2.23 (8517.62.59) + Anexo XI item 2.26 (8517.62.59);lista (3 descrição(ões): Dispositivos destinados a prover a segurança da informação do tipo Prevenção de Intrusão (IPS) / Dispositivos destinados a prover a segurança da informação do tipo de Detecção de Intrusão (IDS) / Firewalls para a segurança da informação/cibernética);ambiguo;NORMA_POSSIVEL_MULTIPLOS_ITENS;FUNDAMENTO_DIVERGENTE VIGENCIA_AMBIGUA DEPENDE_COMPOSICAO_PRODUTO CONDICAO_NAO_VERIFICAVEL_NO_XML;"A NCM é coberta pelos itens 2.22, 2.23, 2.26; o item da regra (2.22) está entre eles; o item depende da composição do produto.";"parcial (código e anexo; item não)";não;sim (escolha do item e produto);escolha automática do item;R-975
976;1085;85176259-200043-XI-2.23;85176259;200043;2.23;Anexo XI item 2.22 (8517.62.59) + Anexo XI item 2.23 (8517.62.59) + Anexo XI item 2.26 (8517.62.59);lista (3 descrição(ões): Dispositivos destinados a prover a segurança da informação do tipo Prevenção de Intrusão (IPS) / Dispositivos destinados a prover a segurança da informação do tipo de Detecção de Intrusão (IDS) / Firewalls para a segurança da informação/cibernética);ambiguo;NORMA_POSSIVEL_MULTIPLOS_ITENS;FUNDAMENTO_DIVERGENTE VIGENCIA_AMBIGUA DEPENDE_COMPOSICAO_PRODUTO CONDICAO_NAO_VERIFICAVEL_NO_XML;"A NCM é coberta pelos itens 2.22, 2.23, 2.26; o item da regra (2.23) está entre eles; o item depende da composição do produto.";"parcial (código e anexo; item não)";não;sim (escolha do item e produto);escolha automática do item;R-976
977;1086;85176259-200043-XI-2.26;85176259;200043;2.26;Anexo XI item 2.22 (8517.62.59) + Anexo XI item 2.23 (8517.62.59) + Anexo XI item 2.26 (8517.62.59);lista (3 descrição(ões): Dispositivos destinados a prover a segurança da informação do tipo Prevenção de Intrusão (IPS) / Dispositivos destinados a prover a segurança da informação do tipo de Detecção de Intrusão (IDS) / Firewalls para a segurança da informação/cibernética);ambiguo;NORMA_POSSIVEL_MULTIPLOS_ITENS;FUNDAMENTO_DIVERGENTE VIGENCIA_AMBIGUA DEPENDE_COMPOSICAO_PRODUTO CONDICAO_NAO_VERIFICAVEL_NO_XML;"A NCM é coberta pelos itens 2.22, 2.23, 2.26; o item da regra (2.26) está entre eles; o item depende da composição do produto.";"parcial (código e anexo; item não)";não;sim (escolha do item e produto);escolha automática do item;R-977
978;1087;85176272-200043-XI-2.28;85176272;200043;2.28;Anexo XI item 2.28 (8517.62.7, por prefixo);lista (1 descrição(ões): Dispositivos de comunicação criptografada para a segurança da informação/cibernética);inequivoco;NORMA_CONFIRMADA;FUNDAMENTO_DIVERGENTE VIGENCIA_AMBIGUA CONDICAO_NAO_VERIFICAVEL_NO_XML;"F1 e F2 associam a NCM ao item 2.28 (Dispositivos de comunicação criptografada para a segurança da informação/cibernética); o item da regra coincide.";sim;só após validação humana do produto;sim (produto e condição);não;R-978
979;1088;85176273-200043-XI-2.28;85176273;200043;2.28;Anexo XI item 2.28 (8517.62.7, por prefixo);lista (1 descrição(ões): Dispositivos de comunicação criptografada para a segurança da informação/cibernética);inequivoco;NORMA_CONFIRMADA;FUNDAMENTO_DIVERGENTE VIGENCIA_AMBIGUA CONDICAO_NAO_VERIFICAVEL_NO_XML;"F1 e F2 associam a NCM ao item 2.28 (Dispositivos de comunicação criptografada para a segurança da informação/cibernética); o item da regra coincide.";sim;só após validação humana do produto;sim (produto e condição);não;R-979
980;1089;85176277-200043-XI-2.28;85176277;200043;2.28;Anexo XI item 2.28 (8517.62.7, por prefixo);lista (1 descrição(ões): Dispositivos de comunicação criptografada para a segurança da informação/cibernética);inequivoco;NORMA_CONFIRMADA;FUNDAMENTO_DIVERGENTE VIGENCIA_AMBIGUA CONDICAO_NAO_VERIFICAVEL_NO_XML;"F1 e F2 associam a NCM ao item 2.28 (Dispositivos de comunicação criptografada para a segurança da informação/cibernética); o item da regra coincide.";sim;só após validação humana do produto;sim (produto e condição);não;R-980
981;1090;85176278-200043-XI-2.28;85176278;200043;2.28;Anexo XI item 2.28 (8517.62.7, por prefixo);lista (1 descrição(ões): Dispositivos de comunicação criptografada para a segurança da informação/cibernética);inequivoco;NORMA_CONFIRMADA;FUNDAMENTO_DIVERGENTE VIGENCIA_AMBIGUA CONDICAO_NAO_VERIFICAVEL_NO_XML;"F1 e F2 associam a NCM ao item 2.28 (Dispositivos de comunicação criptografada para a segurança da informação/cibernética); o item da regra coincide.";sim;só após validação humana do produto;sim (produto e condição);não;R-981
982;1091;85176279-200043-XI-2.28;85176279;200043;2.28;Anexo XI item 2.28 (8517.62.7, por prefixo);lista (1 descrição(ões): Dispositivos de comunicação criptografada para a segurança da informação/cibernética);inequivoco;NORMA_CONFIRMADA;FUNDAMENTO_DIVERGENTE VIGENCIA_AMBIGUA CONDICAO_NAO_VERIFICAVEL_NO_XML;"F1 e F2 associam a NCM ao item 2.28 (Dispositivos de comunicação criptografada para a segurança da informação/cibernética); o item da regra coincide.";sim;só após validação humana do produto;sim (produto e condição);não;R-982
983;1092;85235110-200043-XI-2.29;85235110;200043;2.29;Anexo XI item 2.29 (8523.51, por prefixo) + Anexo XI item 2.30 (8523.51, por prefixo);lista (2 descrição(ões): Servidores de armazenamento seguro para a segurança da informação/cibernética / Unidades de armazenamento criptografadas para a segurança da informação/cibernética);ambiguo;NORMA_POSSIVEL_MULTIPLOS_ITENS;FUNDAMENTO_DIVERGENTE VIGENCIA_AMBIGUA DEPENDE_COMPOSICAO_PRODUTO CONDICAO_NAO_VERIFICAVEL_NO_XML;"A NCM é coberta pelos itens 2.29, 2.30; o item da regra (2.29) está entre eles; o item depende da composição do produto.";"parcial (código e anexo; item não)";não;sim (escolha do item e produto);escolha automática do item;R-983
984;1093;85235110-200043-XI-2.30;85235110;200043;2.30;Anexo XI item 2.29 (8523.51, por prefixo) + Anexo XI item 2.30 (8523.51, por prefixo);lista (2 descrição(ões): Servidores de armazenamento seguro para a segurança da informação/cibernética / Unidades de armazenamento criptografadas para a segurança da informação/cibernética);ambiguo;NORMA_POSSIVEL_MULTIPLOS_ITENS;FUNDAMENTO_DIVERGENTE VIGENCIA_AMBIGUA DEPENDE_COMPOSICAO_PRODUTO CONDICAO_NAO_VERIFICAVEL_NO_XML;"A NCM é coberta pelos itens 2.29, 2.30; o item da regra (2.30) está entre eles; o item depende da composição do produto.";"parcial (código e anexo; item não)";não;sim (escolha do item e produto);escolha automática do item;R-984
985;1094;85235190-200043-XI-2.29;85235190;200043;2.29;Anexo XI item 2.29 (8523.51, por prefixo) + Anexo XI item 2.30 (8523.51, por prefixo);lista (2 descrição(ões): Servidores de armazenamento seguro para a segurança da informação/cibernética / Unidades de armazenamento criptografadas para a segurança da informação/cibernética);ambiguo;NORMA_POSSIVEL_MULTIPLOS_ITENS;FUNDAMENTO_DIVERGENTE VIGENCIA_AMBIGUA DEPENDE_COMPOSICAO_PRODUTO CONDICAO_NAO_VERIFICAVEL_NO_XML;"A NCM é coberta pelos itens 2.29, 2.30; o item da regra (2.29) está entre eles; o item depende da composição do produto.";"parcial (código e anexo; item não)";não;sim (escolha do item e produto);escolha automática do item;R-985
986;1095;85235190-200043-XI-2.30;85235190;200043;2.30;Anexo XI item 2.29 (8523.51, por prefixo) + Anexo XI item 2.30 (8523.51, por prefixo);lista (2 descrição(ões): Servidores de armazenamento seguro para a segurança da informação/cibernética / Unidades de armazenamento criptografadas para a segurança da informação/cibernética);ambiguo;NORMA_POSSIVEL_MULTIPLOS_ITENS;FUNDAMENTO_DIVERGENTE VIGENCIA_AMBIGUA DEPENDE_COMPOSICAO_PRODUTO CONDICAO_NAO_VERIFICAVEL_NO_XML;"A NCM é coberta pelos itens 2.29, 2.30; o item da regra (2.30) está entre eles; o item depende da composição do produto.";"parcial (código e anexo; item não)";não;sim (escolha do item e produto);escolha automática do item;R-986
987;1096;85235210-200043-XI-2.24;85235210;200043;2.24;Anexo XI item 2.24 (8523.52, por prefixo);lista (1 descrição(ões): Dispositivos de Autenticação (tokens, leitores biométricos) que garantam a segurança da informação/cibernética);inequivoco;NORMA_CONFIRMADA;FUNDAMENTO_DIVERGENTE VIGENCIA_AMBIGUA CONDICAO_NAO_VERIFICAVEL_NO_XML;"F1 e F2 associam a NCM ao item 2.24 (Dispositivos de Autenticação (tokens, leitores biométricos) que garantam a segurança da informação/cibernética); o item da regra coincide.";sim;só após validação humana do produto;sim (produto e condição);não;R-987
988;1097;85235290-200043-XI-2.24;85235290;200043;2.24;Anexo XI item 2.24 (8523.52, por prefixo);lista (1 descrição(ões): Dispositivos de Autenticação (tokens, leitores biométricos) que garantam a segurança da informação/cibernética);inequivoco;NORMA_CONFIRMADA;FUNDAMENTO_DIVERGENTE VIGENCIA_AMBIGUA CONDICAO_NAO_VERIFICAVEL_NO_XML;"F1 e F2 associam a NCM ao item 2.24 (Dispositivos de Autenticação (tokens, leitores biométricos) que garantam a segurança da informação/cibernética); o item da regra coincide.";sim;só após validação humana do produto;sim (produto e condição);não;R-988
989;1098;85258929-200043-XI-2.9;85258929;200043;2.9;Anexo XI item 2.9 (8525.89.29);lista (1 descrição(ões): Optrônicos);inequivoco;NORMA_CONFIRMADA;FUNDAMENTO_DIVERGENTE VIGENCIA_AMBIGUA CONDICAO_NAO_VERIFICAVEL_NO_XML;"F1 e F2 associam a NCM ao item 2.9 (Optrônicos); o item da regra coincide.";sim;só após validação humana do produto;sim (produto e condição);não;R-989
990;1099;85261000-200043-XI-2.6;85261000;200043;2.6;Anexo XI item 2.6 (8526.10.00);lista (1 descrição(ões): Radares para uso militar);inequivoco;NORMA_CONFIRMADA;FUNDAMENTO_DIVERGENTE VIGENCIA_AMBIGUA CONDICAO_NAO_VERIFICAVEL_NO_XML;"F1 e F2 associam a NCM ao item 2.6 (Radares para uso militar); o item da regra coincide.";sim;só após validação humana do produto;sim (produto e condição);não;R-990
1003;1112;87100000-200043-XI-2.2;87100000;200043;2.2;Anexo XI item 2.2 (8710.00.00);lista (1 descrição(ões): Carro blindado e carro de combate, terrestre ou anfíbio, sobre lagartas ou rodas, com ou sem armamento e também suas partes e peças);inequivoco;NORMA_CONFIRMADA;FUNDAMENTO_DIVERGENTE VIGENCIA_AMBIGUA CONDICAO_NAO_VERIFICAVEL_NO_XML;"F1 e F2 associam a NCM ao item 2.2 (Carro blindado e carro de combate, terrestre ou anfíbio, sobre lagartas ou rodas, com ou sem armamento e também suas partes e peças); o item da regra coincide.";sim;só após validação humana do produto;sim (produto e condição);não;R-1003
1007;1116;88026000-200043-XI-2.15;88026000;200043;2.15;Anexo XI item 2.14 (8802, por prefixo) + Anexo XI item 2.15 (8802.60.00);lista (2 descrição(ões): Aeronaves, inclusive Veículo Aéreo Não Tripulado (VANT) para uso pela segurança nacional e também suas partes e peças / Veículos espaciais para uso pela segurança nacional);ambiguo;NORMA_POSSIVEL_MULTIPLOS_ITENS;FUNDAMENTO_DIVERGENTE VIGENCIA_AMBIGUA DEPENDE_COMPOSICAO_PRODUTO CONDICAO_NAO_VERIFICAVEL_NO_XML;"A NCM é coberta pelos itens 2.14, 2.15; o item da regra (2.15) está entre eles; o item depende da composição do produto.";"parcial (código e anexo; item não)";não;sim (escolha do item e produto);escolha automática do item;R-1007
1008;1117;88040000-200043-XI-2.16;88040000;200043;2.16;Anexo XI item 2.16 (8804.00.00);lista (1 descrição(ões): Paraquedas para uso pela segurança nacional);inequivoco;NORMA_CONFIRMADA;FUNDAMENTO_DIVERGENTE VIGENCIA_AMBIGUA CONDICAO_NAO_VERIFICAVEL_NO_XML;"F1 e F2 associam a NCM ao item 2.16 (Paraquedas para uso pela segurança nacional); o item da regra coincide.";sim;só após validação humana do produto;sim (produto e condição);não;R-1008
1009;1118;88051000-200043-XI-2.17;88051000;200043;2.17;Anexo XI item 2.17 (8805.10.00) + Anexo XI item 2.19 (8805, por prefixo);lista (2 descrição(ões): Aparelhos e dispositivos para lançamento e aterrissagem de veículos aéreos e espaciais para uso pela segurança nacional / Equipamentos de apoio no solo para uso pela segurança nacional);ambiguo;NORMA_POSSIVEL_MULTIPLOS_ITENS;FUNDAMENTO_DIVERGENTE VIGENCIA_AMBIGUA DEPENDE_COMPOSICAO_PRODUTO CONDICAO_NAO_VERIFICAVEL_NO_XML;"A NCM é coberta pelos itens 2.17, 2.19; o item da regra (2.17) está entre eles; o item depende da composição do produto.";"parcial (código e anexo; item não)";não;sim (escolha do item e produto);escolha automática do item;R-1009
1010;1119;88052100-200043-XI-2.18;88052100;200043;2.18;Anexo XI item 2.18 (8805.21.00) + Anexo XI item 2.19 (8805, por prefixo);lista (2 descrição(ões): Simuladores de voo e similares para uso pela segurança nacional / Equipamentos de apoio no solo para uso pela segurança nacional);ambiguo;NORMA_POSSIVEL_MULTIPLOS_ITENS;FUNDAMENTO_DIVERGENTE VIGENCIA_AMBIGUA DEPENDE_COMPOSICAO_PRODUTO CONDICAO_NAO_VERIFICAVEL_NO_XML;"A NCM é coberta pelos itens 2.18, 2.19; o item da regra (2.18) está entre eles; o item depende da composição do produto.";"parcial (código e anexo; item não)";não;sim (escolha do item e produto);escolha automática do item;R-1010
1011;1120;89012000-200043-XI-2.21;89012000;200043;2.21;Anexo XI item 2.21 (8901.20.00);lista (1 descrição(ões): Embarcações construídas no País suas peças, partes e componentes utilizados no reparo, conserto e reconstrução de embarcações);inequivoco;NORMA_CONFIRMADA;FUNDAMENTO_DIVERGENTE VIGENCIA_AMBIGUA CONDICAO_NAO_VERIFICAVEL_NO_XML;"F1 e F2 associam a NCM ao item 2.21 (Embarcações construídas no País suas peças, partes e componentes utilizados no reparo, conserto e reconstrução de embarcações); o item da regra coincide.";sim;só após validação humana do produto;sim (produto e condição);não;R-1011
1012;1121;89061000-200043-XI-2.24;89061000;200043;2.24;Anexo XI item 2.21 (8906.10.00);lista (1 descrição(ões): Embarcações construídas no País suas peças, partes e componentes utilizados no reparo, conserto e reconstrução de embarcações);conflito;CONFLITO_PLANILHA_FONTE;FUNDAMENTO_DIVERGENTE VIGENCIA_AMBIGUA CONDICAO_NAO_VERIFICAVEL_NO_XML;"F1 e F2 associam a NCM ao item 2.21 (Embarcações construídas no País suas peças, partes e componentes utilizados no reparo, conserto e reconstrução de embarcações); a regra (planilha) traz o item 2.24.";"parcial (código e anexo; item não)";não;sim (resolver divergência e produto);item da planilha como fundamento;R-1012
1013;1122;90142010-200043-XI-2.20;90142010;200043;2.20;Anexo XI item 2.20 (9014.20, por prefixo);lista (1 descrição(ões): Equipamentos de auxílio à comunicação, navegação e controle de tráfego aéreo para uso pela segurança nacional);inequivoco;NORMA_CONFIRMADA;FUNDAMENTO_DIVERGENTE VIGENCIA_AMBIGUA CONDICAO_NAO_VERIFICAVEL_NO_XML;"F1 e F2 associam a NCM ao item 2.20 (Equipamentos de auxílio à comunicação, navegação e controle de tráfego aéreo para uso pela segurança nacional); o item da regra coincide.";sim;só após validação humana do produto;sim (produto e condição);não;R-1013
1014;1123;90142020-200043-XI-2.20;90142020;200043;2.20;Anexo XI item 2.20 (9014.20, por prefixo);lista (1 descrição(ões): Equipamentos de auxílio à comunicação, navegação e controle de tráfego aéreo para uso pela segurança nacional);inequivoco;NORMA_CONFIRMADA;FUNDAMENTO_DIVERGENTE VIGENCIA_AMBIGUA CONDICAO_NAO_VERIFICAVEL_NO_XML;"F1 e F2 associam a NCM ao item 2.20 (Equipamentos de auxílio à comunicação, navegação e controle de tráfego aéreo para uso pela segurança nacional); o item da regra coincide.";sim;só após validação humana do produto;sim (produto e condição);não;R-1014
1015;1124;90142030-200043-XI-2.20;90142030;200043;2.20;Anexo XI item 2.20 (9014.20, por prefixo);lista (1 descrição(ões): Equipamentos de auxílio à comunicação, navegação e controle de tráfego aéreo para uso pela segurança nacional);inequivoco;NORMA_CONFIRMADA;FUNDAMENTO_DIVERGENTE VIGENCIA_AMBIGUA CONDICAO_NAO_VERIFICAVEL_NO_XML;"F1 e F2 associam a NCM ao item 2.20 (Equipamentos de auxílio à comunicação, navegação e controle de tráfego aéreo para uso pela segurança nacional); o item da regra coincide.";sim;só após validação humana do produto;sim (produto e condição);não;R-1015
1016;1125;90142090-200043-XI-2.20;90142090;200043;2.20;Anexo XI item 2.20 (9014.20, por prefixo);lista (1 descrição(ões): Equipamentos de auxílio à comunicação, navegação e controle de tráfego aéreo para uso pela segurança nacional);inequivoco;NORMA_CONFIRMADA;FUNDAMENTO_DIVERGENTE VIGENCIA_AMBIGUA CONDICAO_NAO_VERIFICAVEL_NO_XML;"F1 e F2 associam a NCM ao item 2.20 (Equipamentos de auxílio à comunicação, navegação e controle de tráfego aéreo para uso pela segurança nacional); o item da regra coincide.";sim;só após validação humana do produto;sim (produto e condição);não;R-1016
1170;1280;90318099-200043-XI-2.24;90318099;200043;2.24;Anexo XI item 2.4 (9031.80.99);lista (1 descrição(ões): Simuladores de veículos militares);conflito;CONFLITO_PLANILHA_FONTE;FUNDAMENTO_DIVERGENTE VIGENCIA_AMBIGUA CONDICAO_NAO_VERIFICAVEL_NO_XML;"F1 e F2 associam a NCM ao item 2.4 (Simuladores de veículos militares); a regra (planilha) traz o item 2.24.";"parcial (código e anexo; item não)";não;sim (resolver divergência e produto);item da planilha como fundamento;R-1170
1176;1286;93012000-200043-XI-2.7;93012000;200043;2.7;Anexo XI item 2.7 (9301.20.00);lista (1 descrição(ões): Foguetes para uso militar);inequivoco;NORMA_CONFIRMADA;FUNDAMENTO_DIVERGENTE VIGENCIA_AMBIGUA CONDICAO_NAO_VERIFICAVEL_NO_XML;"F1 e F2 associam a NCM ao item 2.7 (Foguetes para uso militar); o item da regra coincide.";sim;só após validação humana do produto;sim (produto e condição);não;R-1176
1177;1287;93062110-200043-XI-2.12;93062110;200043;2.12;Anexo XI item 2.8 (9306, por prefixo) + Anexo XI item 2.11 (9306, por prefixo) + Anexo XI item 2.12 (9306.2, por prefixo) + Anexo XI item 2.13 (9306, por prefixo);lista (4 descrição(ões): Explosivos de emprego militar / Minas marítimas / Cartuchos de munição naval e de artilharia e seus componentes (projétil, estojo, estopilha, espoleta, traçador, pólvora e alto-explosivo), de calibre igual ou superior a 40 mm de diâmetro interno de tubo da arma / Bombas, torpedos, minas, mísseis, foguetes e seus componentes);ambiguo;NORMA_POSSIVEL_MULTIPLOS_ITENS;FUNDAMENTO_DIVERGENTE VIGENCIA_AMBIGUA DEPENDE_COMPOSICAO_PRODUTO CONDICAO_NAO_VERIFICAVEL_NO_XML;"A NCM é coberta pelos itens 2.8, 2.11, 2.12, 2.13; o item da regra (2.12) está entre eles; o item depende da composição do produto.";"parcial (código e anexo; item não)";não;sim (escolha do item e produto);escolha automática do item;R-1177
1178;1288;93062120-200043-XI-2.12;93062120;200043;2.12;Anexo XI item 2.8 (9306, por prefixo) + Anexo XI item 2.11 (9306, por prefixo) + Anexo XI item 2.12 (9306.2, por prefixo) + Anexo XI item 2.13 (9306, por prefixo);lista (4 descrição(ões): Explosivos de emprego militar / Minas marítimas / Cartuchos de munição naval e de artilharia e seus componentes (projétil, estojo, estopilha, espoleta, traçador, pólvora e alto-explosivo), de calibre igual ou superior a 40 mm de diâmetro interno de tubo da arma / Bombas, torpedos, minas, mísseis, foguetes e seus componentes);ambiguo;NORMA_POSSIVEL_MULTIPLOS_ITENS;FUNDAMENTO_DIVERGENTE VIGENCIA_AMBIGUA DEPENDE_COMPOSICAO_PRODUTO CONDICAO_NAO_VERIFICAVEL_NO_XML;"A NCM é coberta pelos itens 2.8, 2.11, 2.12, 2.13; o item da regra (2.12) está entre eles; o item depende da composição do produto.";"parcial (código e anexo; item não)";não;sim (escolha do item e produto);escolha automática do item;R-1178
1179;1289;93062130-200043-XI-2.12;93062130;200043;2.12;Anexo XI item 2.8 (9306, por prefixo) + Anexo XI item 2.11 (9306, por prefixo) + Anexo XI item 2.12 (9306.2, por prefixo) + Anexo XI item 2.13 (9306, por prefixo);lista (4 descrição(ões): Explosivos de emprego militar / Minas marítimas / Cartuchos de munição naval e de artilharia e seus componentes (projétil, estojo, estopilha, espoleta, traçador, pólvora e alto-explosivo), de calibre igual ou superior a 40 mm de diâmetro interno de tubo da arma / Bombas, torpedos, minas, mísseis, foguetes e seus componentes);ambiguo;NORMA_POSSIVEL_MULTIPLOS_ITENS;FUNDAMENTO_DIVERGENTE VIGENCIA_AMBIGUA DEPENDE_COMPOSICAO_PRODUTO CONDICAO_NAO_VERIFICAVEL_NO_XML;"A NCM é coberta pelos itens 2.8, 2.11, 2.12, 2.13; o item da regra (2.12) está entre eles; o item depende da composição do produto.";"parcial (código e anexo; item não)";não;sim (escolha do item e produto);escolha automática do item;R-1179
1180;1290;93062190-200043-XI-2.12;93062190;200043;2.12;Anexo XI item 2.8 (9306, por prefixo) + Anexo XI item 2.11 (9306, por prefixo) + Anexo XI item 2.12 (9306.2, por prefixo) + Anexo XI item 2.13 (9306, por prefixo);lista (4 descrição(ões): Explosivos de emprego militar / Minas marítimas / Cartuchos de munição naval e de artilharia e seus componentes (projétil, estojo, estopilha, espoleta, traçador, pólvora e alto-explosivo), de calibre igual ou superior a 40 mm de diâmetro interno de tubo da arma / Bombas, torpedos, minas, mísseis, foguetes e seus componentes);ambiguo;NORMA_POSSIVEL_MULTIPLOS_ITENS;FUNDAMENTO_DIVERGENTE VIGENCIA_AMBIGUA DEPENDE_COMPOSICAO_PRODUTO CONDICAO_NAO_VERIFICAVEL_NO_XML;"A NCM é coberta pelos itens 2.8, 2.11, 2.12, 2.13; o item da regra (2.12) está entre eles; o item depende da composição do produto.";"parcial (código e anexo; item não)";não;sim (escolha do item e produto);escolha automática do item;R-1180
1181;1291;93062900-200043-XI-2.12;93062900;200043;2.12;Anexo XI item 2.8 (9306, por prefixo) + Anexo XI item 2.11 (9306, por prefixo) + Anexo XI item 2.12 (9306.2, por prefixo) + Anexo XI item 2.13 (9306, por prefixo);lista (4 descrição(ões): Explosivos de emprego militar / Minas marítimas / Cartuchos de munição naval e de artilharia e seus componentes (projétil, estojo, estopilha, espoleta, traçador, pólvora e alto-explosivo), de calibre igual ou superior a 40 mm de diâmetro interno de tubo da arma / Bombas, torpedos, minas, mísseis, foguetes e seus componentes);ambiguo;NORMA_POSSIVEL_MULTIPLOS_ITENS;FUNDAMENTO_DIVERGENTE VIGENCIA_AMBIGUA DEPENDE_COMPOSICAO_PRODUTO CONDICAO_NAO_VERIFICAVEL_NO_XML;"A NCM é coberta pelos itens 2.8, 2.11, 2.12, 2.13; o item da regra (2.12) está entre eles; o item depende da composição do produto.";"parcial (código e anexo; item não)";não;sim (escolha do item e produto);escolha automática do item;R-1181
